distance,sample_id,distance_km,exceeds_1000,exceeds_2000
1686.9145221168,1,1.6869145221168,TRUE,FALSE
1153.22054177523,2,1.15322054177523,TRUE,FALSE
2658.10973561349,3,2.65810973561349,TRUE,TRUE
63.1547182166239,4,0.0631547182166239,FALSE,FALSE
112.421952188015,5,0.112421952188015,FALSE,FALSE
633.00243275542,6,0.63300243275542,FALSE,FALSE
628.454584430595,7,0.628454584430594,FALSE,FALSE
290.533607825637,8,0.290533607825637,FALSE,FALSE
5452.47292865939,9,5.45247292865939,TRUE,TRUE
58.3068941651451,10,0.0583068941651451,FALSE,FALSE
2009.6601153815,11,2.0096601153815,TRUE,TRUE
960.429455319547,12,0.960429455319547,FALSE,FALSE
562.02725507319,13,0.56202725507319,FALSE,FALSE
754.235662134267,14,0.754235662134267,FALSE,FALSE
376.568081788719,15,0.376568081788719,FALSE,FALSE
1699.57225947621,16,1.69957225947621,TRUE,FALSE
3126.4070792306,17,3.1264070792306,TRUE,TRUE
957.52083267311,18,0.95752083267311,FALSE,FALSE
1181.86967074871,19,1.18186967074871,TRUE,FALSE
8082.02342274499,20,8.08202342274499,TRUE,TRUE
1686.29946226755,21,1.68629946226755,TRUE,FALSE
1931.74242219868,22,1.93174242219868,TRUE,FALSE
2970.55158803614,23,2.97055158803614,TRUE,TRUE
2696.08897148612,24,2.69608897148612,TRUE,TRUE
2337.05796851757,25,2.33705796851757,TRUE,TRUE
3211.70468611603,26,3.21170468611603,TRUE,TRUE
2993.48573742395,27,2.99348573742395,TRUE,TRUE
3141.30509379045,28,3.14130509379045,TRUE,TRUE
63.5354879229519,29,0.0635354879229519,FALSE,FALSE
1195.69938257337,30,1.19569938257337,TRUE,FALSE
4335.67949095631,31,4.33567949095631,TRUE,TRUE
1013.23145721108,32,1.01323145721108,TRUE,FALSE
519.115634660145,33,0.519115634660145,FALSE,FALSE
5193.78423293061,34,5.19378423293061,TRUE,TRUE
2458.05146350505,35,2.45805146350505,TRUE,TRUE
1581.36351770701,36,1.58136351770701,TRUE,FALSE
1258.56015551835,37,1.25856015551835,TRUE,FALSE
2509.28200589568,38,2.50928200589568,TRUE,TRUE
1177.36928444356,39,1.17736928444356,TRUE,FALSE
2258.58006769825,40,2.25858006769825,TRUE,TRUE
840.729605406523,41,0.840729605406523,FALSE,FALSE
14422.0151520314,42,14.4220151520314,TRUE,TRUE
1691.44393039507,43,1.69144393039507,TRUE,FALSE
451.084013096988,44,0.451084013096988,FALSE,FALSE
2200.67763506415,45,2.20067763506415,TRUE,TRUE
4496.61138465003,46,4.49661138465003,TRUE,TRUE
2727.46859854999,47,2.72746859854999,TRUE,TRUE
1152.78333611786,48,1.15278333611786,TRUE,FALSE
5450.55169959493,49,5.45055169959493,TRUE,TRUE
2624.32608520304,50,2.62432608520304,TRUE,TRUE
181.182700239296,51,0.181182700239296,FALSE,FALSE
612.407700158656,52,0.612407700158656,FALSE,FALSE
2134.42613921108,53,2.13442613921108,TRUE,TRUE
627.032511867583,54,0.627032511867583,FALSE,FALSE
1949.28030102494,55,1.94928030102494,TRUE,FALSE
3775.64663050656,56,3.77564663050656,TRUE,TRUE
1129.17720526457,57,1.12917720526457,TRUE,FALSE
5153.92265816159,58,5.15392265816159,TRUE,TRUE
2095.39149586261,59,2.09539149586261,TRUE,TRUE
2048.88268365505,60,2.04888268365505,TRUE,TRUE
2055.73923128628,61,2.05573923128628,TRUE,TRUE
569.336921373805,62,0.569336921373805,FALSE,FALSE
3126.10377727037,63,3.12610377727037,TRUE,TRUE
84.1765859432002,64,0.0841765859432002,FALSE,FALSE
197.261779606787,65,0.197261779606787,FALSE,FALSE
197.13862426579,66,0.19713862426579,FALSE,FALSE
560.770322601171,67,0.560770322601171,FALSE,FALSE
591.57391730696,68,0.59157391730696,FALSE,FALSE
1944.85929786208,69,1.94485929786208,TRUE,FALSE
1848.05444805863,70,1.84805444805863,TRUE,FALSE
3284.80905344425,71,3.28480905344425,TRUE,TRUE
3239.82553539758,72,3.23982553539758,TRUE,TRUE
5072.29107965655,73,5.07229107965655,TRUE,TRUE
3043.09924675112,74,3.04309924675112,TRUE,TRUE
760.028406046331,75,0.760028406046331,FALSE,FALSE
477.025933563709,76,0.477025933563709,FALSE,FALSE
932.974847124813,77,0.932974847124813,FALSE,FALSE
84.5429031178355,78,0.0845429031178355,FALSE,FALSE
639.353798702359,79,0.639353798702359,FALSE,FALSE
1287.22184058279,80,1.28722184058279,TRUE,FALSE
1145.12620680034,81,1.14512620680034,TRUE,FALSE
432.111005084157,82,0.432111005084157,FALSE,FALSE
8997.34679559126,83,8.99734679559126,TRUE,TRUE
3714.18110636954,84,3.71418110636954,TRUE,TRUE
1370.91727554798,85,1.37091727554798,TRUE,FALSE
2878.90525228948,86,2.87890525228948,TRUE,TRUE
3462.30796710364,87,3.46230796710364,TRUE,TRUE
2489.56659986618,88,2.48956659986618,TRUE,TRUE
2926.60112008524,89,2.92660112008524,TRUE,TRUE
3074.78795706773,90,3.07478795706773,TRUE,TRUE
9.19825304299593,91,0.00919825304299593,FALSE,FALSE
2217.53093591871,92,2.21753093591871,TRUE,TRUE
599.94063526392,93,0.59994063526392,FALSE,FALSE
2384.00601400974,94,2.38400601400974,TRUE,TRUE
2229.85740742626,95,2.22985740742626,TRUE,TRUE
134.751781821251,96,0.134751781821251,FALSE,FALSE
961.337441578507,97,0.961337441578507,FALSE,FALSE
3140.90867804348,98,3.14090867804348,TRUE,TRUE
519.892213866115,99,0.519892213866115,FALSE,FALSE
3713.84457481985,100,3.71384457481985,TRUE,TRUE
926.439241540722,101,0.926439241540722,FALSE,FALSE
472.071493044496,102,0.472071493044496,FALSE,FALSE
2364.1988429332,103,2.3641988429332,TRUE,TRUE
119.342743419111,104,0.119342743419111,FALSE,FALSE
806.476882906,105,0.806476882906,FALSE,FALSE
1885.87968043032,106,1.88587968043032,TRUE,FALSE
833.161288872361,107,0.833161288872361,FALSE,FALSE
1506.4368098134,108,1.5064368098134,TRUE,FALSE
377.372776158154,109,0.377372776158154,FALSE,FALSE
1753.70774225824,110,1.75370774225824,TRUE,FALSE
380.075641393609,111,0.380075641393609,FALSE,FALSE
1958.15641238334,112,1.95815641238334,TRUE,FALSE
646.75165451105,113,0.64675165451105,FALSE,FALSE
2640.95510720255,114,2.64095510720255,TRUE,TRUE
636.921296827495,115,0.636921296827495,FALSE,FALSE
3210.13459173923,116,3.21013459173923,TRUE,TRUE
291.468232870102,117,0.291468232870102,FALSE,FALSE
3606.25863713036,118,3.60625863713036,TRUE,TRUE
60.1189089938998,119,0.0601189089938998,FALSE,FALSE
2606.88109873774,120,2.60688109873774,TRUE,TRUE
399.584489478282,121,0.399584489478282,FALSE,FALSE
3502.91248394137,122,3.50291248394137,TRUE,TRUE
3527.33666432982,123,3.52733666432982,TRUE,TRUE
1686.0871565284,124,1.6860871565284,TRUE,FALSE
697.505552321672,125,0.697505552321672,FALSE,FALSE
6595.64959969292,126,6.59564959969292,TRUE,TRUE
803.412349894643,127,0.803412349894643,FALSE,FALSE
2201.40346876326,128,2.20140346876326,TRUE,TRUE
2657.84634455087,129,2.65784634455087,TRUE,TRUE
1283.805295825,130,1.283805295825,TRUE,FALSE
391.667430882966,131,0.391667430882966,FALSE,FALSE
913.5777130723,132,0.9135777130723,FALSE,FALSE
745.500328019261,133,0.745500328019261,FALSE,FALSE
6927.18978192578,134,6.92718978192578,TRUE,TRUE
2548.05543824079,135,2.54805543824079,TRUE,TRUE
2162.97030136402,136,2.16297030136402,TRUE,TRUE
593.918321767692,137,0.593918321767692,FALSE,FALSE
168.321468867362,138,0.168321468867362,FALSE,FALSE
5906.80183447806,139,5.90680183447805,TRUE,TRUE
3936.50450913196,140,3.93650450913196,TRUE,TRUE
1327.71025132388,141,1.32771025132388,TRUE,FALSE
3218.78428740387,142,3.21878428740387,TRUE,TRUE
1213.67416810244,143,1.21367416810244,TRUE,FALSE
187.304626218975,144,0.187304626218975,FALSE,FALSE
649.270568042994,145,0.649270568042994,FALSE,FALSE
3519.764624368,146,3.519764624368,TRUE,TRUE
532.221439294517,147,0.532221439294517,FALSE,FALSE
1881.25233530047,148,1.88125233530047,TRUE,FALSE
898.21738563478,149,0.89821738563478,FALSE,FALSE
2577.81295842471,150,2.57781295842471,TRUE,TRUE
356.57812519367,151,0.35657812519367,FALSE,FALSE
3143.4521750876,152,3.1434521750876,TRUE,TRUE
124.281595461071,153,0.124281595461071,FALSE,FALSE
1141.16668514907,154,1.14116668514907,TRUE,FALSE
3461.56169084792,155,3.46156169084792,TRUE,TRUE
2621.48780926111,156,2.62148780926111,TRUE,TRUE
2589.7459323524,157,2.5897459323524,TRUE,TRUE
934.621418121244,158,0.934621418121244,FALSE,FALSE
65.7795770093799,159,0.0657795770093799,FALSE,FALSE
306.076085194945,160,0.306076085194945,FALSE,FALSE
2076.94400838556,161,2.07694400838556,TRUE,TRUE
2164.89141239765,162,2.16489141239765,TRUE,TRUE
7494.58227637124,163,7.49458227637124,TRUE,TRUE
11.2521825358272,164,0.0112521825358272,FALSE,FALSE
8.73474125909574,165,0.00873474125909574,FALSE,FALSE
3399.96832219844,166,3.39996832219844,TRUE,TRUE
1081.33629709482,167,1.08133629709482,TRUE,FALSE
940.737223252654,168,0.940737223252654,FALSE,FALSE
103.118831357809,169,0.103118831357809,FALSE,FALSE
1034.37267802656,170,1.03437267802656,TRUE,FALSE
2966.28601832275,171,2.96628601832275,TRUE,TRUE
2558.97111809793,172,2.55897111809793,TRUE,TRUE
2852.93634788128,173,2.85293634788128,TRUE,TRUE
4236.58868272729,174,4.23658868272729,TRUE,TRUE
2848.32074814001,175,2.84832074814001,TRUE,TRUE
1768.22862206938,176,1.76822862206938,TRUE,FALSE
5381.97371710963,177,5.38197371710963,TRUE,TRUE
4459.8141943378,178,4.4598141943378,TRUE,TRUE
1045.60892038426,179,1.04560892038426,TRUE,FALSE
137.301129544755,180,0.137301129544755,FALSE,FALSE
1138.30106612295,181,1.13830106612295,TRUE,FALSE
8731.82187178984,182,8.73182187178984,TRUE,TRUE
1116.26353114843,183,1.11626353114843,TRUE,FALSE
917.562607675791,184,0.917562607675791,FALSE,FALSE
520.52741125226,185,0.52052741125226,FALSE,FALSE
1397.68348993728,186,1.39768348993728,TRUE,FALSE
1926.37677701039,187,1.92637677701039,TRUE,FALSE
1462.95910975245,188,1.46295910975245,TRUE,FALSE
2224.55914123895,189,2.22455914123895,TRUE,TRUE
1211.24909166247,190,1.21124909166247,TRUE,FALSE
1342.83534809947,191,1.34283534809947,TRUE,FALSE
3263.31766021947,192,3.26331766021947,TRUE,TRUE
203.852263176512,193,0.203852263176512,FALSE,FALSE
815.968245267868,194,0.815968245267868,FALSE,FALSE
5480.69710631795,195,5.48069710631795,TRUE,TRUE
5703.75491645107,196,5.70375491645107,TRUE,TRUE
48.3467442483636,197,0.0483467442483636,FALSE,FALSE
951.189612038434,198,0.951189612038434,FALSE,FALSE
1336.21723670512,199,1.33621723670512,TRUE,FALSE
1900.46060449424,200,1.90046060449424,TRUE,FALSE
2275.5500053262,201,2.2755500053262,TRUE,TRUE
165.530173176979,202,0.165530173176979,FALSE,FALSE
3285.81540978645,203,3.28581540978645,TRUE,TRUE
317.800829467216,204,0.317800829467216,FALSE,FALSE
2957.23187534099,205,2.95723187534099,TRUE,TRUE
226.063477880482,206,0.226063477880482,FALSE,FALSE
448.251340730989,207,0.448251340730989,FALSE,FALSE
1341.02127980441,208,1.34102127980441,TRUE,FALSE
3073.66142032628,209,3.07366142032628,TRUE,TRUE
3857.64387233143,210,3.85764387233143,TRUE,TRUE
427.144400684418,211,0.427144400684418,FALSE,FALSE
1135.78591495752,212,1.13578591495752,TRUE,FALSE
3866.64760095959,213,3.86664760095959,TRUE,TRUE
7205.49572589708,214,7.20549572589708,TRUE,TRUE
2639.15729141774,215,2.63915729141774,TRUE,TRUE
1861.52826983226,216,1.86152826983226,TRUE,FALSE
630.913724739817,217,0.630913724739817,FALSE,FALSE
289.564104188724,218,0.289564104188724,FALSE,FALSE
1856.58902293983,219,1.85658902293983,TRUE,FALSE
516.684931838329,220,0.516684931838329,FALSE,FALSE
1076.77564490587,221,1.07677564490587,TRUE,FALSE
150.708732195199,222,0.150708732195199,FALSE,FALSE
256.875412533266,223,0.256875412533266,FALSE,FALSE
5197.68030543752,224,5.19768030543752,TRUE,TRUE
4140.38198796992,225,4.14038198796992,TRUE,TRUE
410.762034919834,226,0.410762034919834,FALSE,FALSE
5532.25095917411,227,5.53225095917411,TRUE,TRUE
2912.68554270788,228,2.91268554270788,TRUE,TRUE
5525.84459546994,229,5.52584459546994,TRUE,TRUE
2965.66826460843,230,2.96566826460843,TRUE,TRUE
548.208523457412,231,0.548208523457412,FALSE,FALSE
1500.66745238604,232,1.50066745238604,TRUE,FALSE
2100.79500257018,233,2.10079500257018,TRUE,TRUE
723.150204867125,234,0.723150204867125,FALSE,FALSE
1921.88834576848,235,1.92188834576848,TRUE,FALSE
1326.27439219505,236,1.32627439219505,TRUE,FALSE
3155.27482679014,237,3.15527482679014,TRUE,TRUE
3844.96182186489,238,3.84496182186489,TRUE,TRUE
446.006298835535,239,0.446006298835535,FALSE,FALSE
7690.41177904712,240,7.69041177904712,TRUE,TRUE
385.054178535938,241,0.385054178535938,FALSE,FALSE
1961.7933667356,242,1.9617933667356,TRUE,FALSE
419.915376032289,243,0.419915376032289,FALSE,FALSE
2491.93167119267,244,2.49193167119267,TRUE,TRUE
3340.19020182972,245,3.34019020182972,TRUE,TRUE
781.377446347743,246,0.781377446347743,FALSE,FALSE
2022.67366825583,247,2.02267366825583,TRUE,TRUE
149.967285332973,248,0.149967285332973,FALSE,FALSE
5341.14943046994,249,5.34114943046994,TRUE,TRUE
3351.24092532282,250,3.35124092532282,TRUE,TRUE
1650.23732735755,251,1.65023732735755,TRUE,FALSE
335.489343851805,252,0.335489343851805,FALSE,FALSE
926.830635406077,253,0.926830635406077,FALSE,FALSE
3420.92329991942,254,3.42092329991942,TRUE,TRUE
982.292330814637,255,0.982292330814637,FALSE,FALSE
3125.93445910101,256,3.12593445910101,TRUE,TRUE
2250.75006849113,257,2.25075006849113,TRUE,TRUE
693.329925648868,258,0.693329925648868,FALSE,FALSE
95.2904066070914,259,0.0952904066070914,FALSE,FALSE
2184.70870322528,260,2.18470870322528,TRUE,TRUE
2853.25968131262,261,2.85325968131262,TRUE,TRUE
1036.27766228667,262,1.03627766228667,TRUE,FALSE
3251.17633474951,263,3.25117633474951,TRUE,TRUE
4388.03488128102,264,4.38803488128102,TRUE,TRUE
339.746229350567,265,0.339746229350567,FALSE,FALSE
1552.51851669493,266,1.55251851669493,TRUE,FALSE
3164.70540887415,267,3.16470540887415,TRUE,TRUE
1241.59226473421,268,1.24159226473421,TRUE,FALSE
5164.21451021857,269,5.16421451021857,TRUE,TRUE
1288.12028467655,270,1.28812028467655,TRUE,FALSE
2304.55565374524,271,2.30455565374524,TRUE,TRUE
1386.93947189968,272,1.38693947189968,TRUE,FALSE
3070.87281152884,273,3.07087281152884,TRUE,TRUE
1255.73488511145,274,1.25573488511145,TRUE,FALSE
1848.40535550358,275,1.84840535550358,TRUE,FALSE
750.970742665231,276,0.750970742665231,FALSE,FALSE
160.504696490476,277,0.160504696490476,FALSE,FALSE
712.895429693162,278,0.712895429693162,FALSE,FALSE
2543.01973175016,279,2.54301973175016,TRUE,TRUE
4414.5303701324,280,4.4145303701324,TRUE,TRUE
1506.81902568636,281,1.50681902568636,TRUE,FALSE
68.6748539965028,282,0.0686748539965028,FALSE,FALSE
1147.70941063762,283,1.14770941063762,TRUE,FALSE
2215.14296895804,284,2.21514296895804,TRUE,TRUE
2317.82592079582,285,2.31782592079582,TRUE,TRUE
1683.09540665689,286,1.68309540665689,TRUE,FALSE
4718.01627774663,287,4.71801627774663,TRUE,TRUE
2309.92851770463,288,2.30992851770463,TRUE,TRUE
3620.80975605135,289,3.62080975605135,TRUE,TRUE
144.214882515371,290,0.144214882515371,FALSE,FALSE
15.7948480919003,291,0.0157948480919003,FALSE,FALSE
473.171771272029,292,0.473171771272029,FALSE,FALSE
4799.88089551158,293,4.79988089551158,TRUE,TRUE
548.502114112152,294,0.548502114112153,FALSE,FALSE
3520.48321796541,295,3.52048321796541,TRUE,TRUE
1473.14570055418,296,1.47314570055418,TRUE,FALSE
1260.32598037273,297,1.26032598037273,TRUE,FALSE
1795.43455681744,298,1.79543455681744,TRUE,FALSE
2303.66258501055,299,2.30366258501055,TRUE,TRUE
1883.19669655504,300,1.88319669655504,TRUE,FALSE
5936.85519661675,301,5.93685519661675,TRUE,TRUE
75.2196935936809,302,0.0752196935936809,FALSE,FALSE
716.053662821651,303,0.716053662821651,FALSE,FALSE
35.3875181135608,304,0.0353875181135608,FALSE,FALSE
1809.3953578824,305,1.8093953578824,TRUE,FALSE
619.724865178065,306,0.619724865178065,FALSE,FALSE
1265.91255515814,307,1.26591255515814,TRUE,FALSE
6073.12610711823,308,6.07312610711823,TRUE,TRUE
956.126742064953,309,0.956126742064953,FALSE,FALSE
2176.05031087043,310,2.17605031087043,TRUE,TRUE
1317.00329389423,311,1.31700329389423,TRUE,FALSE
142.165566794574,312,0.142165566794574,FALSE,FALSE
1582.65727004948,313,1.58265727004948,TRUE,FALSE
1203.79284769297,314,1.20379284769297,TRUE,FALSE
5091.5133168263,315,5.0915133168263,TRUE,TRUE
1328.43109685928,316,1.32843109685928,TRUE,FALSE
1601.13494089785,317,1.60113494089785,TRUE,FALSE
1012.44039833546,318,1.01244039833546,TRUE,FALSE
112.936632774425,319,0.112936632774425,FALSE,FALSE
1208.9528683573,320,1.2089528683573,TRUE,FALSE
2467.68319784644,321,2.46768319784644,TRUE,TRUE
2007.07355319502,322,2.00707355319502,TRUE,TRUE
4051.60796998029,323,4.05160796998029,TRUE,TRUE
277.530650608242,324,0.277530650608242,FALSE,FALSE
734.339657980266,325,0.734339657980266,FALSE,FALSE
662.940570153296,326,0.662940570153296,FALSE,FALSE
119.569834321737,327,0.119569834321737,FALSE,FALSE
39.3715975806117,328,0.0393715975806117,FALSE,FALSE
7000.01336219621,329,7.00001336219621,TRUE,TRUE
6598.61648049126,330,6.59861648049126,TRUE,TRUE
278.756924227029,331,0.278756924227029,FALSE,FALSE
601.046001538634,332,0.601046001538634,FALSE,FALSE
615.066729485989,333,0.615066729485989,FALSE,FALSE
2548.32445262911,334,2.54832445262911,TRUE,TRUE
1249.21931419522,335,1.24921931419522,TRUE,FALSE
188.093670643866,336,0.188093670643866,FALSE,FALSE
767.056060886562,337,0.767056060886562,FALSE,FALSE
349.845468066633,338,0.349845468066633,FALSE,FALSE
2369.22960851157,339,2.36922960851157,TRUE,TRUE
2692.73762582781,340,2.69273762582781,TRUE,TRUE
7282.07452180696,341,7.28207452180696,TRUE,TRUE
266.936331056058,342,0.266936331056058,FALSE,FALSE
2513.14745877804,343,2.51314745877804,TRUE,TRUE
2329.46194327417,344,2.32946194327417,TRUE,TRUE
209.79925369875,345,0.20979925369875,FALSE,FALSE
666.820631362498,346,0.666820631362498,FALSE,FALSE
84.262055595291,347,0.084262055595291,FALSE,FALSE
122.497545918633,348,0.122497545918633,FALSE,FALSE
33.4825189784169,349,0.0334825189784169,FALSE,FALSE
2086.25433958116,350,2.08625433958116,TRUE,TRUE
44.3220877220046,351,0.0443220877220046,FALSE,FALSE
745.961404405534,352,0.745961404405534,FALSE,FALSE
3013.78150633465,353,3.01378150633465,TRUE,TRUE
1205.71833476424,354,1.20571833476424,TRUE,FALSE
3113.10164986138,355,3.11310164986138,TRUE,TRUE
1290.86956661195,356,1.29086956661195,TRUE,FALSE
2034.27699013593,357,2.03427699013593,TRUE,TRUE
2379.64946395698,358,2.37964946395698,TRUE,TRUE
518.981695175171,359,0.518981695175171,FALSE,FALSE
5251.16286029048,360,5.25116286029048,TRUE,TRUE
7746.66736605478,361,7.74666736605477,TRUE,TRUE
809.511128985808,362,0.809511128985808,FALSE,FALSE
1019.46181431413,363,1.01946181431413,TRUE,FALSE
61.2008313398439,364,0.0612008313398439,FALSE,FALSE
1101.63036547601,365,1.10163036547601,TRUE,FALSE
2400.825695982,366,2.400825695982,TRUE,TRUE
6240.09256031285,367,6.24009256031285,TRUE,TRUE
2301.5830143446,368,2.3015830143446,TRUE,TRUE
1576.30451946499,369,1.57630451946499,TRUE,FALSE
422.095844199756,370,0.422095844199756,FALSE,FALSE
1036.54135763645,371,1.03654135763645,TRUE,FALSE
1379.33849729598,372,1.37933849729598,TRUE,FALSE
1530.57798737387,373,1.53057798737387,TRUE,FALSE
3815.13412501447,374,3.81513412501447,TRUE,TRUE
1275.82153305411,375,1.27582153305411,TRUE,FALSE
2728.51117505672,376,2.72851117505672,TRUE,TRUE
375.353972427547,377,0.375353972427547,FALSE,FALSE
1195.29423117638,378,1.19529423117638,TRUE,FALSE
125.212996093183,379,0.125212996093183,FALSE,FALSE
502.974548377097,380,0.502974548377097,FALSE,FALSE
982.544869184494,381,0.982544869184494,FALSE,FALSE
4890.99371780582,382,4.89099371780582,TRUE,TRUE
1790.43525076451,383,1.79043525076451,TRUE,FALSE
458.248629234731,384,0.458248629234731,FALSE,FALSE
1011.72823179513,385,1.01172823179513,TRUE,FALSE
659.530243339916,386,0.659530243339916,FALSE,FALSE
946.481384336948,387,0.946481384336948,FALSE,FALSE
78.1623610849589,388,0.0781623610849589,FALSE,FALSE
11.6332164034247,389,0.0116332164034247,FALSE,FALSE
2190.65254545751,390,2.19065254545751,TRUE,TRUE
1382.22449179739,391,1.38222449179739,TRUE,FALSE
1225.74065532535,392,1.22574065532535,TRUE,FALSE
4485.0349745918,393,4.4850349745918,TRUE,TRUE
4557.49912162252,394,4.55749912162252,TRUE,TRUE
217.880869754052,395,0.217880869754052,FALSE,FALSE
3548.87266067748,396,3.54887266067748,TRUE,TRUE
7500.94498279405,397,7.50094498279405,TRUE,TRUE
85.255385376513,398,0.085255385376513,FALSE,FALSE
4919.7756682796,399,4.9197756682796,TRUE,TRUE
1650.31312956455,400,1.65031312956455,TRUE,FALSE
2749.77356932106,401,2.74977356932106,TRUE,TRUE
349.112496711314,402,0.349112496711314,FALSE,FALSE
1226.77771840245,403,1.22677771840245,TRUE,FALSE
4004.51206399088,404,4.00451206399088,TRUE,TRUE
2007.55263285282,405,2.00755263285282,TRUE,TRUE
859.019242227078,406,0.859019242227078,FALSE,FALSE
1324.88791551441,407,1.32488791551441,TRUE,FALSE
763.316856646566,408,0.763316856646566,FALSE,FALSE
89.3430644646287,409,0.0893430644646287,FALSE,FALSE
3503.76080704813,410,3.50376080704813,TRUE,TRUE
1441.44203389765,411,1.44144203389765,TRUE,FALSE
539.202039130032,412,0.539202039130032,FALSE,FALSE
158.243656158447,413,0.158243656158447,FALSE,FALSE
3014.24552110915,414,3.01424552110915,TRUE,TRUE
1655.98857580664,415,1.65598857580664,TRUE,FALSE
332.122380845249,416,0.332122380845249,FALSE,FALSE
3413.00299746876,417,3.41300299746876,TRUE,TRUE
5240.51862557359,418,5.24051862557359,TRUE,TRUE
1879.4846135997,419,1.8794846135997,TRUE,FALSE
1467.35415040495,420,1.46735415040495,TRUE,FALSE
7893.96680476976,421,7.89396680476976,TRUE,TRUE
463.837403913609,422,0.463837403913609,FALSE,FALSE
185.705034993589,423,0.185705034993589,FALSE,FALSE
2397.85030662062,424,2.39785030662062,TRUE,TRUE
3746.55696360355,425,3.74655696360355,TRUE,TRUE
2108.33517569326,426,2.10833517569326,TRUE,TRUE
638.485348783433,427,0.638485348783433,FALSE,FALSE
917.443725280464,428,0.917443725280464,FALSE,FALSE
1391.40178504974,429,1.39140178504974,TRUE,FALSE
149.562973619256,430,0.149562973619256,FALSE,FALSE
842.683926710367,431,0.842683926710367,FALSE,FALSE
849.492971982428,432,0.849492971982428,FALSE,FALSE
7856.87128784967,433,7.85687128784967,TRUE,TRUE
2721.61075836959,434,2.72161075836959,TRUE,TRUE
897.413517360747,435,0.897413517360747,FALSE,FALSE
3528.19025872235,436,3.52819025872235,TRUE,TRUE
1912.79667421224,437,1.91279667421224,TRUE,FALSE
1217.02511701733,438,1.21702511701733,TRUE,FALSE
1.65194772921582,439,0.00165194772921582,FALSE,FALSE
3146.22699079995,440,3.14622699079995,TRUE,TRUE
6704.49246432553,441,6.70449246432553,TRUE,TRUE
389.413930475712,442,0.389413930475712,FALSE,FALSE
1956.92190892043,443,1.95692190892043,TRUE,FALSE
111.716001294553,444,0.111716001294553,FALSE,FALSE
1181.68808147311,445,1.18168808147311,TRUE,FALSE
4364.7261818213,446,4.3647261818213,TRUE,TRUE
780.082789249718,447,0.780082789249718,FALSE,FALSE
345.750942740236,448,0.345750942740236,FALSE,FALSE
3323.55640439277,449,3.32355640439277,TRUE,TRUE
4451.04487587638,450,4.45104487587638,TRUE,TRUE
229.750332422555,451,0.229750332422555,FALSE,FALSE
1437.17740815154,452,1.43717740815154,TRUE,FALSE
4032.48973919039,453,4.03248973919039,TRUE,TRUE
55.124556645751,454,0.055124556645751,FALSE,FALSE
3441.1401455158,455,3.4411401455158,TRUE,TRUE
277.410754933953,456,0.277410754933953,FALSE,FALSE
3079.02576385026,457,3.07902576385026,TRUE,TRUE
3103.92892343884,458,3.10392892343884,TRUE,TRUE
2684.5592650676,459,2.6845592650676,TRUE,TRUE
732.041129842401,460,0.732041129842401,FALSE,FALSE
613.711281679571,461,0.613711281679571,FALSE,FALSE
936.982497450131,462,0.936982497450131,FALSE,FALSE
1229.99643720686,463,1.22999643720686,TRUE,FALSE
2821.61943597679,464,2.82161943597679,TRUE,TRUE
1392.5226329917,465,1.3925226329917,TRUE,FALSE
2038.67029390278,466,2.03867029390278,TRUE,TRUE
2644.44868071916,467,2.64444868071916,TRUE,TRUE
541.470307856798,468,0.541470307856798,FALSE,FALSE
1234.44817960262,469,1.23444817960262,TRUE,FALSE
1456.70397198739,470,1.45670397198739,TRUE,FALSE
1277.86855958402,471,1.27786855958402,TRUE,FALSE
8957.35930833921,472,8.95735930833921,TRUE,TRUE
4027.26234851365,473,4.02726234851365,TRUE,TRUE
7333.80360486818,474,7.33380360486818,TRUE,TRUE
1651.35593890193,475,1.65135593890193,TRUE,FALSE
752.108516837863,476,0.752108516837863,FALSE,FALSE
3451.07972712187,477,3.45107972712187,TRUE,TRUE
2647.33962333741,478,2.64733962333741,TRUE,TRUE
5477.65322376914,479,5.47765322376914,TRUE,TRUE
1630.81575921717,480,1.63081575921717,TRUE,FALSE
2278.02412576022,481,2.27802412576022,TRUE,TRUE
1460.25308958235,482,1.46025308958235,TRUE,FALSE
1554.41312611311,483,1.55441312611311,TRUE,FALSE
6552.77299847374,484,6.55277299847374,TRUE,TRUE
1488.66479462924,485,1.48866479462924,TRUE,FALSE
662.401985433983,486,0.662401985433983,FALSE,FALSE
670.560925267637,487,0.670560925267637,FALSE,FALSE
6707.77563717137,488,6.70777563717137,TRUE,TRUE
780.420977622271,489,0.780420977622271,FALSE,FALSE
2292.38689496162,490,2.29238689496162,TRUE,TRUE
192.977223024276,491,0.192977223024276,FALSE,FALSE
1746.36853105369,492,1.74636853105369,TRUE,FALSE
2789.91328908091,493,2.78991328908091,TRUE,TRUE
359.606495127082,494,0.359606495127082,FALSE,FALSE
246.702435426414,495,0.246702435426414,FALSE,FALSE
754.884480498731,496,0.754884480498731,FALSE,FALSE
1876.46083339098,497,1.87646083339098,TRUE,FALSE
422.347365878522,498,0.422347365878522,FALSE,FALSE
105.160312047951,499,0.105160312047951,FALSE,FALSE
6015.90133888739,500,6.01590133888739,TRUE,TRUE
9806.81404785114,501,9.80681404785114,TRUE,TRUE
1087.63792924583,502,1.08763792924583,TRUE,FALSE
2310.26747853777,503,2.31026747853777,TRUE,TRUE
288.294882513583,504,0.288294882513583,FALSE,FALSE
815.251800231636,505,0.815251800231636,FALSE,FALSE
628.884241916239,506,0.628884241916239,FALSE,FALSE
1701.11152148786,507,1.70111152148786,TRUE,FALSE
5270.54566492267,508,5.27054566492267,TRUE,TRUE
849.415089404465,509,0.849415089404465,FALSE,FALSE
4523.14062963245,510,4.52314062963245,TRUE,TRUE
12.726107101137,511,0.012726107101137,FALSE,FALSE
2853.30224765425,512,2.85330224765425,TRUE,TRUE
1996.15953481736,513,1.99615953481736,TRUE,FALSE
905.59555310756,514,0.90559555310756,FALSE,FALSE
604.490428635194,515,0.604490428635194,FALSE,FALSE
104.173334602353,516,0.104173334602353,FALSE,FALSE
58.7243701270672,517,0.0587243701270672,FALSE,FALSE
589.7685745731,518,0.5897685745731,FALSE,FALSE
1761.72426815066,519,1.76172426815066,TRUE,FALSE
3289.3133087266,520,3.2893133087266,TRUE,TRUE
4862.68097379176,521,4.86268097379176,TRUE,TRUE
3022.92775345926,522,3.02292775345926,TRUE,TRUE
3488.89352364426,523,3.48889352364426,TRUE,TRUE
1047.9412926361,524,1.0479412926361,TRUE,FALSE
109.5797624439,525,0.1095797624439,FALSE,FALSE
18.0787059144668,526,0.0180787059144668,FALSE,FALSE
772.79560547322,527,0.77279560547322,FALSE,FALSE
148.741975120689,528,0.148741975120689,FALSE,FALSE
205.994625872595,529,0.205994625872595,FALSE,FALSE
981.367369182408,530,0.981367369182408,FALSE,FALSE
412.731824440842,531,0.412731824440842,FALSE,FALSE
1461.70772231164,532,1.46170772231164,TRUE,FALSE
3556.75214892101,533,3.55675214892101,TRUE,TRUE
678.414183668792,534,0.678414183668792,FALSE,FALSE
186.091177165508,535,0.186091177165508,FALSE,FALSE
1245.85463106632,536,1.24585463106632,TRUE,FALSE
1036.66720818728,537,1.03666720818728,TRUE,FALSE
7500.23547890497,538,7.50023547890496,TRUE,TRUE
2433.52396219018,539,2.43352396219018,TRUE,TRUE
6801.50471594105,540,6.80150471594105,TRUE,TRUE
1191.61174912006,541,1.19161174912006,TRUE,FALSE
752.201061325221,542,0.752201061325222,FALSE,FALSE
334.25145316869,543,0.33425145316869,FALSE,FALSE
673.294574022293,544,0.673294574022293,FALSE,FALSE
45.2583860605955,545,0.0452583860605955,FALSE,FALSE
1051.00235715508,546,1.05100235715508,TRUE,FALSE
99.0255703291196,547,0.0990255703291196,FALSE,FALSE
11162.7175357792,548,11.1627175357792,TRUE,TRUE
736.689765649841,549,0.736689765649841,FALSE,FALSE
2457.78773344102,550,2.45778773344102,TRUE,TRUE
1942.72019705715,551,1.94272019705715,TRUE,FALSE
1233.54502115399,552,1.23354502115399,TRUE,FALSE
6228.02534665833,553,6.22802534665833,TRUE,TRUE
2296.2359189147,554,2.2962359189147,TRUE,TRUE
948.899737753891,555,0.948899737753891,FALSE,FALSE
2170.41478297653,556,2.17041478297653,TRUE,TRUE
218.727317638695,557,0.218727317638695,FALSE,FALSE
2968.48660318141,558,2.96848660318141,TRUE,TRUE
1139.72622528672,559,1.13972622528672,TRUE,FALSE
282.936972139559,560,0.282936972139559,FALSE,FALSE
385.451843030751,561,0.385451843030751,FALSE,FALSE
219.988830785253,562,0.219988830785253,FALSE,FALSE
32.8394325454145,563,0.0328394325454145,FALSE,FALSE
539.504624335696,564,0.539504624335696,FALSE,FALSE
5132.50933934875,565,5.13250933934875,TRUE,TRUE
3361.53608543758,566,3.36153608543758,TRUE,TRUE
2629.62632245364,567,2.62962632245364,TRUE,TRUE
2120.80991446021,568,2.12080991446021,TRUE,TRUE
2708.35398687961,569,2.70835398687961,TRUE,TRUE
1818.71411382201,570,1.81871411382201,TRUE,FALSE
241.122149862349,571,0.241122149862349,FALSE,FALSE
3266.5751313973,572,3.2665751313973,TRUE,TRUE
60.9506848021982,573,0.0609506848021982,FALSE,FALSE
84.9280167883611,574,0.0849280167883611,FALSE,FALSE
2665.86178905311,575,2.66586178905311,TRUE,TRUE
2009.5721821669,576,2.0095721821669,TRUE,TRUE
493.045534007251,577,0.493045534007251,FALSE,FALSE
3012.23561895971,578,3.01223561895971,TRUE,TRUE
760.078267930899,579,0.760078267930899,FALSE,FALSE
4822.0439498577,580,4.8220439498577,TRUE,TRUE
1127.87565868348,581,1.12787565868348,TRUE,FALSE
6490.87655510674,582,6.49087655510674,TRUE,TRUE
1279.37867119908,583,1.27937867119908,TRUE,FALSE
1541.5619406009,584,1.5415619406009,TRUE,FALSE
1649.09767723622,585,1.64909767723622,TRUE,FALSE
572.886237874627,586,0.572886237874627,FALSE,FALSE
9.70191794533555,587,0.00970191794533555,FALSE,FALSE
2738.66016036811,588,2.73866016036811,TRUE,TRUE
2372.90977068683,589,2.37290977068683,TRUE,TRUE
508.442802354693,590,0.508442802354693,FALSE,FALSE
191.112274950983,591,0.191112274950983,FALSE,FALSE
3224.66677037959,592,3.22466677037959,TRUE,TRUE
3833.58371240978,593,3.83358371240978,TRUE,TRUE
1507.20598744706,594,1.50720598744706,TRUE,FALSE
288.59471809119,595,0.28859471809119,FALSE,FALSE
2587.64778814259,596,2.58764778814259,TRUE,TRUE
261.861522682011,597,0.261861522682011,FALSE,FALSE
1318.49551480263,598,1.31849551480263,TRUE,FALSE
568.455277942121,599,0.568455277942121,FALSE,FALSE
2518.28437476399,600,2.51828437476399,TRUE,TRUE
838.319418951869,601,0.838319418951869,FALSE,FALSE
4538.20473690985,602,4.53820473690985,TRUE,TRUE
3335.54573712831,603,3.33554573712831,TRUE,TRUE
662.49179346195,604,0.66249179346195,FALSE,FALSE
1094.76848971099,605,1.09476848971099,TRUE,FALSE
1749.49500515106,606,1.74949500515106,TRUE,FALSE
4258.98266185947,607,4.25898266185947,TRUE,TRUE
1858.92975601062,608,1.85892975601062,TRUE,FALSE
3734.83382148628,609,3.73483382148628,TRUE,TRUE
27.9909074306488,610,0.0279909074306488,FALSE,FALSE
7387.92372825456,611,7.38792372825456,TRUE,TRUE
1094.7441579774,612,1.0947441579774,TRUE,FALSE
238.66031691432,613,0.23866031691432,FALSE,FALSE
565.850556828082,614,0.565850556828082,FALSE,FALSE
1773.38075531238,615,1.77338075531238,TRUE,FALSE
1170.95336690545,616,1.17095336690545,TRUE,FALSE
342.262305319309,617,0.342262305319309,FALSE,FALSE
2544.36624786797,618,2.54436624786797,TRUE,TRUE
1244.94939856231,619,1.24494939856231,TRUE,FALSE
1934.79911229553,620,1.93479911229553,TRUE,FALSE
325.789352878928,621,0.325789352878928,FALSE,FALSE
1758.93506784561,622,1.75893506784561,TRUE,FALSE
3393.05268515221,623,3.39305268515221,TRUE,TRUE
2857.19891248231,624,2.85719891248231,TRUE,TRUE
486.90393101424,625,0.48690393101424,FALSE,FALSE
191.97713304311,626,0.19197713304311,FALSE,FALSE
3160.4961415935,627,3.1604961415935,TRUE,TRUE
238.183476962149,628,0.238183476962149,FALSE,FALSE
2006.98007181517,629,2.00698007181517,TRUE,TRUE
878.34913097322,630,0.87834913097322,FALSE,FALSE
1722.41124061821,631,1.72241124061821,TRUE,FALSE
4586.4297931356,632,4.5864297931356,TRUE,TRUE
2516.65509111228,633,2.51665509111228,TRUE,TRUE
9673.46946099653,634,9.67346946099653,TRUE,TRUE
982.682227539391,635,0.982682227539391,FALSE,FALSE
1306.86196126044,636,1.30686196126044,TRUE,FALSE
747.782057050871,637,0.747782057050871,FALSE,FALSE
1597.81343108954,638,1.59781343108954,TRUE,FALSE
636.791703291237,639,0.636791703291237,FALSE,FALSE
3172.21053640444,640,3.17221053640444,TRUE,TRUE
3541.27734137659,641,3.54127734137659,TRUE,TRUE
1836.78443162682,642,1.83678443162682,TRUE,FALSE
2345.55257475915,643,2.34555257475915,TRUE,TRUE
4645.97282160945,644,4.64597282160945,TRUE,TRUE
852.600755169988,645,0.852600755169988,FALSE,FALSE
203.69091629982,646,0.20369091629982,FALSE,FALSE
2946.43506390934,647,2.94643506390934,TRUE,TRUE
779.046358329749,648,0.779046358329749,FALSE,FALSE
887.434237081654,649,0.887434237081654,FALSE,FALSE
515.711043030024,650,0.515711043030024,FALSE,FALSE
1557.5663986707,651,1.5575663986707,TRUE,FALSE
7424.20888581474,652,7.42420888581474,TRUE,TRUE
2524.94439288023,653,2.52494439288023,TRUE,TRUE
3523.57804013376,654,3.52357804013376,TRUE,TRUE
1943.43131585958,655,1.94343131585958,TRUE,FALSE
2694.73487502875,656,2.69473487502875,TRUE,TRUE
1037.34278678894,657,1.03734278678894,TRUE,FALSE
1561.41600190642,658,1.56141600190642,TRUE,FALSE
4199.55226730841,659,4.19955226730841,TRUE,TRUE
1495.81949212486,660,1.49581949212486,TRUE,FALSE
4338.29215573957,661,4.33829215573956,TRUE,TRUE
1028.39413378388,662,1.02839413378388,TRUE,FALSE
277.136565529157,663,0.277136565529157,FALSE,FALSE
1203.67139484733,664,1.20367139484733,TRUE,FALSE
911.050841212273,665,0.911050841212273,FALSE,FALSE
3804.32236556636,666,3.80432236556636,TRUE,TRUE
117.623025551438,667,0.117623025551438,FALSE,FALSE
394.55418754369,668,0.39455418754369,FALSE,FALSE
915.692204618399,669,0.915692204618399,FALSE,FALSE
4472.0536728663,670,4.4720536728663,TRUE,TRUE
1305.32631464303,671,1.30532631464303,TRUE,FALSE
1800.96657831652,672,1.80096657831652,TRUE,FALSE
3139.24294795805,673,3.13924294795805,TRUE,TRUE
274.27501603961,674,0.27427501603961,FALSE,FALSE
4007.54180533772,675,4.00754180533772,TRUE,TRUE
3857.47875256424,676,3.85747875256424,TRUE,TRUE
874.446980655193,677,0.874446980655193,FALSE,FALSE
1894.43752533736,678,1.89443752533736,TRUE,FALSE
2986.83075962548,679,2.98683075962548,TRUE,TRUE
6333.06122584995,680,6.33306122584995,TRUE,TRUE
4907.83718326852,681,4.90783718326852,TRUE,TRUE
1278.73007394373,682,1.27873007394373,TRUE,FALSE
811.9180155918,683,0.8119180155918,FALSE,FALSE
270.993494428694,684,0.270993494428694,FALSE,FALSE
885.237065143883,685,0.885237065143883,FALSE,FALSE
1009.77685395628,686,1.00977685395628,TRUE,FALSE
2437.67513512614,687,2.43767513512614,TRUE,TRUE
1690.37661134245,688,1.69037661134245,TRUE,FALSE
126.733308658004,689,0.126733308658004,FALSE,FALSE
1463.46293195131,690,1.46346293195131,TRUE,FALSE
1327.16127112508,691,1.32716127112508,TRUE,FALSE
2629.20543915572,692,2.62920543915572,TRUE,TRUE
4483.1047018332,693,4.4831047018332,TRUE,TRUE
301.080653632914,694,0.301080653632914,FALSE,FALSE
502.673261798918,695,0.502673261798918,FALSE,FALSE
513.619215227664,696,0.513619215227664,FALSE,FALSE
2012.20367467942,697,2.01220367467942,TRUE,TRUE
2995.14059333091,698,2.99514059333091,TRUE,TRUE
830.551087103929,699,0.830551087103929,FALSE,FALSE
515.67203807592,700,0.51567203807592,FALSE,FALSE
4264.74935908742,701,4.26474935908742,TRUE,TRUE
291.119124512195,702,0.291119124512195,FALSE,FALSE
2393.04185464027,703,2.39304185464027,TRUE,TRUE
4090.43671918993,704,4.09043671918993,TRUE,TRUE
1550.83408576324,705,1.55083408576324,TRUE,FALSE
4477.89587427802,706,4.47789587427802,TRUE,TRUE
763.959399424493,707,0.763959399424493,FALSE,FALSE
1681.95531508865,708,1.68195531508865,TRUE,FALSE
3163.18865103607,709,3.16318865103607,TRUE,TRUE
557.032280339686,710,0.557032280339686,FALSE,FALSE
300.35750147143,711,0.30035750147143,FALSE,FALSE
880.201831459999,712,0.880201831459999,FALSE,FALSE
2564.26240309122,713,2.56426240309122,TRUE,TRUE
5166.92764659352,714,5.16692764659352,TRUE,TRUE
539.585620164871,715,0.539585620164871,FALSE,FALSE
11628.6565952732,716,11.6286565952732,TRUE,TRUE
4140.96055908089,717,4.14096055908089,TRUE,TRUE
716.091237962246,718,0.716091237962246,FALSE,FALSE
187.144745806992,719,0.187144745806992,FALSE,FALSE
2486.28042257371,720,2.48628042257371,TRUE,TRUE
1153.88771612197,721,1.15388771612197,TRUE,FALSE
771.654666401446,722,0.771654666401446,FALSE,FALSE
377.09188554436,723,0.37709188554436,FALSE,FALSE
4781.89955607342,724,4.78189955607342,TRUE,TRUE
8271.98017719102,725,8.27198017719102,TRUE,TRUE
3895.33163217788,726,3.89533163217788,TRUE,TRUE
152.217329868685,727,0.152217329868685,FALSE,FALSE
2467.88310437443,728,2.46788310437443,TRUE,TRUE
678.024786503834,729,0.678024786503834,FALSE,FALSE
872.367235831916,730,0.872367235831916,FALSE,FALSE
1476.05848695694,731,1.47605848695694,TRUE,FALSE
1141.39447361231,732,1.14139447361231,TRUE,FALSE
168.753159232438,733,0.168753159232438,FALSE,FALSE
2718.67312296274,734,2.71867312296274,TRUE,TRUE
109.477298159594,735,0.109477298159594,FALSE,FALSE
2443.72764221373,736,2.44372764221373,TRUE,TRUE
1208.73083174229,737,1.20873083174229,TRUE,FALSE
3939.36691043859,738,3.93936691043859,TRUE,TRUE
479.203801837081,739,0.479203801837081,FALSE,FALSE
5387.10502367793,740,5.38710502367793,TRUE,TRUE
6129.54628433953,741,6.12954628433953,TRUE,TRUE
1699.68520036105,742,1.69968520036105,TRUE,FALSE
10078.7937374492,743,10.0787937374492,TRUE,TRUE
1606.77500247004,744,1.60677500247004,TRUE,FALSE
1987.91950560155,745,1.98791950560155,TRUE,FALSE
354.825106449425,746,0.354825106449425,FALSE,FALSE
2832.36196550274,747,2.83236196550274,TRUE,TRUE
1875.64650542083,748,1.87564650542083,TRUE,FALSE
4670.6568484468,749,4.6706568484468,TRUE,TRUE
1960.24709186497,750,1.96024709186497,TRUE,FALSE
499.622147530317,751,0.499622147530317,FALSE,FALSE
1773.46392521533,752,1.77346392521533,TRUE,FALSE
282.852773554623,753,0.282852773554623,FALSE,FALSE
6241.37021567593,754,6.24137021567593,TRUE,TRUE
3824.06800968533,755,3.82406800968533,TRUE,TRUE
908.34588278085,756,0.90834588278085,FALSE,FALSE
1306.76020123065,757,1.30676020123065,TRUE,FALSE
42.8843013942242,758,0.0428843013942242,FALSE,FALSE
270.904663018882,759,0.270904663018882,FALSE,FALSE
12843.7680855282,760,12.8437680855282,TRUE,TRUE
3073.03837297444,761,3.07303837297444,TRUE,TRUE
114.453932693279,762,0.114453932693279,FALSE,FALSE
344.807956509948,763,0.344807956509948,FALSE,FALSE
5577.64597203503,764,5.57764597203503,TRUE,TRUE
3115.36543054466,765,3.11536543054466,TRUE,TRUE
812.291895970702,766,0.812291895970702,FALSE,FALSE
4256.82575602956,767,4.25682575602956,TRUE,TRUE
487.228249199688,768,0.487228249199688,FALSE,FALSE
121.847808850512,769,0.121847808850512,FALSE,FALSE
8260.84275129152,770,8.26084275129152,TRUE,TRUE
900.911808013916,771,0.900911808013916,FALSE,FALSE
2171.18983652196,772,2.17118983652196,TRUE,TRUE
218.252718448639,773,0.218252718448639,FALSE,FALSE
950.608829036355,774,0.950608829036355,FALSE,FALSE
492.516648024321,775,0.492516648024321,FALSE,FALSE
1874.52160744908,776,1.87452160744908,TRUE,FALSE
2523.8662379885,777,2.5238662379885,TRUE,TRUE
4005.98800910597,778,4.00598800910597,TRUE,TRUE
841.245216239735,779,0.841245216239735,FALSE,FALSE
250.067234970629,780,0.250067234970629,FALSE,FALSE
1593.48646356704,781,1.59348646356704,TRUE,FALSE
942.233614623547,782,0.942233614623547,FALSE,FALSE
197.119175456464,783,0.197119175456464,FALSE,FALSE
2155.31071267071,784,2.15531071267071,TRUE,TRUE
59.8625391721726,785,0.0598625391721726,FALSE,FALSE
1263.07179033756,786,1.26307179033756,TRUE,FALSE
105.090277269483,787,0.105090277269483,FALSE,FALSE
4021.22952027207,788,4.02122952027207,TRUE,TRUE
420.49797398209,789,0.42049797398209,FALSE,FALSE
1082.38818775862,790,1.08238818775862,TRUE,FALSE
933.794219978154,791,0.933794219978154,FALSE,FALSE
1355.62399309129,792,1.35562399309129,TRUE,FALSE
276.195369660854,793,0.276195369660854,FALSE,FALSE
8295.4191077025,794,8.2954191077025,TRUE,TRUE
2138.61001676579,795,2.13861001676579,TRUE,TRUE
220.455227419734,796,0.220455227419734,FALSE,FALSE
4508.14380099006,797,4.50814380099006,TRUE,TRUE
2956.62550983911,798,2.95662550983911,TRUE,TRUE
738.434785045683,799,0.738434785045683,FALSE,FALSE
5346.78504218288,800,5.34678504218288,TRUE,TRUE
4033.16320462113,801,4.03316320462113,TRUE,TRUE
2314.13546754959,802,2.31413546754959,TRUE,TRUE
1384.7830304876,803,1.3847830304876,TRUE,FALSE
2921.76623756942,804,2.92176623756942,TRUE,TRUE
1116.27547442913,805,1.11627547442913,TRUE,FALSE
1427.13982789757,806,1.42713982789757,TRUE,FALSE
192.17330403626,807,0.19217330403626,FALSE,FALSE
5714.87477388153,808,5.71487477388153,TRUE,TRUE
1224.43790454417,809,1.22443790454417,TRUE,FALSE
2088.31681861522,810,2.08831681861522,TRUE,TRUE
495.054613431186,811,0.495054613431186,FALSE,FALSE
2461.32254219594,812,2.46132254219594,TRUE,TRUE
1403.28287749313,813,1.40328287749313,TRUE,FALSE
50.2998866140842,814,0.0502998866140842,FALSE,FALSE
1949.11130695584,815,1.94911130695584,TRUE,FALSE
325.732630677521,816,0.325732630677521,FALSE,FALSE
469.377633184195,817,0.469377633184195,FALSE,FALSE
1622.47591825805,818,1.62247591825805,TRUE,FALSE
991.14619474858,819,0.99114619474858,FALSE,FALSE
1375.65883249044,820,1.37565883249044,TRUE,FALSE
139.036187902093,821,0.139036187902093,FALSE,FALSE
1804.17645341697,822,1.80417645341697,TRUE,FALSE
1731.54661141023,823,1.73154661141023,TRUE,FALSE
618.506979197264,824,0.618506979197264,FALSE,FALSE
403.52666231455,825,0.40352666231455,FALSE,FALSE
145.43972350657,826,0.14543972350657,FALSE,FALSE
389.807466417551,827,0.389807466417551,FALSE,FALSE
8118.45029475999,828,8.11845029475999,TRUE,TRUE
10183.0311746975,829,10.1830311746975,TRUE,TRUE
2874.64079244022,830,2.87464079244022,TRUE,TRUE
8108.06108596635,831,8.10806108596635,TRUE,TRUE
5107.02554483838,832,5.10702554483838,TRUE,TRUE
1658.91852028264,833,1.65891852028264,TRUE,FALSE
2992.61646962197,834,2.99261646962197,TRUE,TRUE
1347.91164379567,835,1.34791164379567,TRUE,FALSE
1709.98789089117,836,1.70998789089117,TRUE,FALSE
3323.33011163359,837,3.32333011163359,TRUE,TRUE
342.268416658044,838,0.342268416658044,FALSE,FALSE
3153.03635580425,839,3.15303635580425,TRUE,TRUE
3637.54167763476,840,3.63754167763476,TRUE,TRUE
2100.06640098038,841,2.10006640098038,TRUE,TRUE
3715.01974372153,842,3.71501974372153,TRUE,TRUE
2630.62653868439,843,2.63062653868439,TRUE,TRUE
454.238473437727,844,0.454238473437727,FALSE,FALSE
742.685337550938,845,0.742685337550938,FALSE,FALSE
1294.10240054131,846,1.29410240054131,TRUE,FALSE
2378.15127140822,847,2.37815127140822,TRUE,TRUE
26.10691582358,848,0.02610691582358,FALSE,FALSE
1878.05403375093,849,1.87805403375093,TRUE,FALSE
4584.57455386348,850,4.58457455386348,TRUE,TRUE
260.930869559441,851,0.260930869559441,FALSE,FALSE
84.3394543383128,852,0.0843394543383128,FALSE,FALSE
523.062644877505,853,0.523062644877505,FALSE,FALSE
2305.36174050903,854,2.30536174050903,TRUE,TRUE
1460.12761762566,855,1.46012761762566,TRUE,FALSE
2858.15950777569,856,2.85815950777569,TRUE,TRUE
1724.72359496045,857,1.72472359496045,TRUE,FALSE
119.460024350514,858,0.119460024350514,FALSE,FALSE
889.595472253859,859,0.889595472253859,FALSE,FALSE
223.146953134631,860,0.223146953134631,FALSE,FALSE
3699.63979704266,861,3.69963979704266,TRUE,TRUE
920.734248124063,862,0.920734248124063,FALSE,FALSE
358.102601952851,863,0.358102601952851,FALSE,FALSE
1886.15326202455,864,1.88615326202455,TRUE,FALSE
1091.1775957793,865,1.0911775957793,TRUE,FALSE
2076.67997843566,866,2.07667997843566,TRUE,TRUE
576.313967435504,867,0.576313967435504,FALSE,FALSE
137.723256971208,868,0.137723256971208,FALSE,FALSE
2668.99491764119,869,2.66899491764119,TRUE,TRUE
1802.67365579338,870,1.80267365579338,TRUE,FALSE
1191.89052470028,871,1.19189052470028,TRUE,FALSE
1202.04284787178,872,1.20204284787178,TRUE,FALSE
2481.69993041995,873,2.48169993041995,TRUE,TRUE
2439.01192202213,874,2.43901192202213,TRUE,TRUE
582.06245675683,875,0.58206245675683,FALSE,FALSE
715.779924271435,876,0.715779924271435,FALSE,FALSE
3153.09405682569,877,3.15309405682569,TRUE,TRUE
451.063611544669,878,0.451063611544669,FALSE,FALSE
6231.05385865936,879,6.23105385865936,TRUE,TRUE
1473.7608587557,880,1.4737608587557,TRUE,FALSE
2.68679670989513,881,0.00268679670989513,FALSE,FALSE
1548.23916397038,882,1.54823916397038,TRUE,FALSE
395.208596251905,883,0.395208596251905,FALSE,FALSE
943.350505083799,884,0.943350505083799,FALSE,FALSE
854.311247356236,885,0.854311247356236,FALSE,FALSE
4956.16955351994,886,4.95616955351994,TRUE,TRUE
3777.45226580776,887,3.77745226580776,TRUE,TRUE
5195.50491012465,888,5.19550491012465,TRUE,TRUE
1243.55791509151,889,1.24355791509151,TRUE,FALSE
3811.27229688649,890,3.81127229688649,TRUE,TRUE
8255.47532322717,891,8.25547532322717,TRUE,TRUE
190.792903543592,892,0.190792903543592,FALSE,FALSE
2028.09527837053,893,2.02809527837053,TRUE,TRUE
4257.27992107101,894,4.25727992107101,TRUE,TRUE
932.159973308444,895,0.932159973308444,FALSE,FALSE
2553.74708390775,896,2.55374708390775,TRUE,TRUE
2037.8563804002,897,2.0378563804002,TRUE,TRUE
155.412597443318,898,0.155412597443318,FALSE,FALSE
1255.40209654719,899,1.25540209654719,TRUE,FALSE
66.9781533105097,900,0.0669781533105097,FALSE,FALSE
328.57558876276,901,0.32857558876276,FALSE,FALSE
1322.93624896556,902,1.32293624896556,TRUE,FALSE
8333.73872202968,903,8.33373872202968,TRUE,TRUE
1062.75866832584,904,1.06275866832584,TRUE,FALSE
1903.59524629059,905,1.90359524629059,TRUE,FALSE
1248.04697744548,906,1.24804697744548,TRUE,FALSE
278.311891621965,907,0.278311891621965,FALSE,FALSE
632.593234276524,908,0.632593234276524,FALSE,FALSE
3544.24500279094,909,3.54424500279094,TRUE,TRUE
338.840357959271,910,0.338840357959271,FALSE,FALSE
1977.09843361903,911,1.97709843361903,TRUE,FALSE
2556.92339368344,912,2.55692339368344,TRUE,TRUE
3354.80869753824,913,3.35480869753824,TRUE,TRUE
7592.70046236825,914,7.59270046236825,TRUE,TRUE
2429.87811743262,915,2.42987811743262,TRUE,TRUE
2765.08178180995,916,2.76508178180995,TRUE,TRUE
3835.4057369936,917,3.8354057369936,TRUE,TRUE
821.317126974464,918,0.821317126974464,FALSE,FALSE
8917.6491436648,919,8.9176491436648,TRUE,TRUE
924.960372038186,920,0.924960372038186,FALSE,FALSE
8380.58375075042,921,8.38058375075042,TRUE,TRUE
575.360008515418,922,0.575360008515418,FALSE,FALSE
3735.74073129584,923,3.73574073129584,TRUE,TRUE
569.773502521838,924,0.569773502521838,FALSE,FALSE
1386.41427635195,925,1.38641427635195,TRUE,FALSE
2376.43067344072,926,2.37643067344072,TRUE,TRUE
3432.94277025637,927,3.43294277025637,TRUE,TRUE
6595.73763575325,928,6.59573763575325,TRUE,TRUE
1094.12422403693,929,1.09412422403693,TRUE,FALSE
2035.23299648407,930,2.03523299648407,TRUE,TRUE
211.505882441998,931,0.211505882441998,FALSE,FALSE
705.322115682066,932,0.705322115682066,FALSE,FALSE
1604.96932818534,933,1.60496932818534,TRUE,FALSE
6927.94086005459,934,6.92794086005459,TRUE,TRUE
2232.09817237181,935,2.23209817237181,TRUE,TRUE
122.665642894269,936,0.122665642894269,FALSE,FALSE
2508.9497937912,937,2.5089497937912,TRUE,TRUE
1934.29028793218,938,1.93429028793218,TRUE,FALSE
730.300216935575,939,0.730300216935575,FALSE,FALSE
1663.21362174096,940,1.66321362174096,TRUE,FALSE
2507.05207503381,941,2.50705207503381,TRUE,TRUE
433.085499975609,942,0.433085499975609,FALSE,FALSE
3004.06147508097,943,3.00406147508097,TRUE,TRUE
4288.79949120122,944,4.28879949120122,TRUE,TRUE
37.8232293855278,945,0.0378232293855278,FALSE,FALSE
1149.53985344619,946,1.14953985344619,TRUE,FALSE
2255.57675949278,947,2.25557675949278,TRUE,TRUE
8144.65142371965,948,8.14465142371965,TRUE,TRUE
984.374391846359,949,0.984374391846359,FALSE,FALSE
7287.23213709584,950,7.28723213709584,TRUE,TRUE
1502.26742998084,951,1.50226742998084,TRUE,FALSE
1249.57193527371,952,1.24957193527371,TRUE,FALSE
510.009766556323,953,0.510009766556323,FALSE,FALSE
522.289943881333,954,0.522289943881333,FALSE,FALSE
2513.41316281798,955,2.51341316281798,TRUE,TRUE
1869.60371255395,956,1.86960371255395,TRUE,FALSE
821.883000159898,957,0.821883000159897,FALSE,FALSE
2008.87111193481,958,2.00887111193481,TRUE,TRUE
4580.94285775848,959,4.58094285775848,TRUE,TRUE
365.548968315125,960,0.365548968315125,FALSE,FALSE
3625.97693858628,961,3.62597693858628,TRUE,TRUE
965.40049649775,962,0.96540049649775,FALSE,FALSE
1737.30402617695,963,1.73730402617695,TRUE,FALSE
556.743242777884,964,0.556743242777884,FALSE,FALSE
4222.42337348159,965,4.22242337348159,TRUE,TRUE
177.458279593668,966,0.177458279593668,FALSE,FALSE
2158.86385058815,967,2.15886385058815,TRUE,TRUE
2751.33459017929,968,2.75133459017929,TRUE,TRUE
2532.57180928233,969,2.53257180928233,TRUE,TRUE
435.388550162315,970,0.435388550162315,FALSE,FALSE
2150.16420177164,971,2.15016420177164,TRUE,TRUE
1394.71228441937,972,1.39471228441937,TRUE,FALSE
7987.71349671197,973,7.98771349671197,TRUE,TRUE
6195.41050441893,974,6.19541050441893,TRUE,TRUE
259.08214432001,975,0.25908214432001,FALSE,FALSE
436.243914067745,976,0.436243914067745,FALSE,FALSE
698.821053197706,977,0.698821053197706,FALSE,FALSE
2770.52055104616,978,2.77052055104616,TRUE,TRUE
617.525150999427,979,0.617525150999427,FALSE,FALSE
247.301796704538,980,0.247301796704538,FALSE,FALSE
1446.31375922802,981,1.44631375922802,TRUE,FALSE
4310.73567269281,982,4.31073567269281,TRUE,TRUE
1316.28677900881,983,1.31628677900881,TRUE,FALSE
1084.18518770486,984,1.08418518770486,TRUE,FALSE
647.340678847556,985,0.647340678847556,FALSE,FALSE
1140.73176961392,986,1.14073176961392,TRUE,FALSE
138.212384401332,987,0.138212384401332,FALSE,FALSE
1601.98572455885,988,1.60198572455885,TRUE,FALSE
888.888204470277,989,0.888888204470277,FALSE,FALSE
2236.73579647186,990,2.23673579647186,TRUE,TRUE
2447.98942833188,991,2.44798942833188,TRUE,TRUE
5591.17110039959,992,5.59117110039959,TRUE,TRUE
85.7811477035284,993,0.0857811477035284,FALSE,FALSE
4262.36482675074,994,4.26236482675074,TRUE,TRUE
51.5398883072685,995,0.0515398883072684,FALSE,FALSE
568.279796279967,996,0.568279796279967,FALSE,FALSE
1140.31343813986,997,1.14031343813986,TRUE,FALSE
2586.7960563952,998,2.5867960563952,TRUE,TRUE
541.371474503255,999,0.541371474503255,FALSE,FALSE
1677.66796975377,1000,1.67766796975377,TRUE,FALSE
