X1,X2,Y
1.57514122657348,4.92919944572298,13.0086813445929
2.19662269429567,5.00841385181356,14.4100730922185
2.25325880613532,5.22282259442728,14.9521628011252
1.56079365527674,4.25079960948103,11.6231865295155
1.77410052637716,6.34306057385111,16.2343222004565
1.89752289730345,4.72769224394229,13.2504302824915
2.21840049161216,4.46546241845556,13.3677258201354
2.0792302031161,5.21991557135961,14.5982915489514
2.31855275821232,5.34638932493206,15.3298841662888
2.18127272365204,5.24596159127031,14.8544686298447
1.71039528552705,4.70595021044688,12.8326909919478
2.41460541713815,4.79675593405906,14.4227227023944
2.31266271362559,5.31818570845981,15.2616968441708
2.52301817347299,4.19771894111339,13.4414742291728
1.54437737979422,5.77406989719513,14.6368945539787
2.61580817482682,5.54955220449554,16.3307207586447
2.5492674469263,4.27875588353608,13.6560466609248
2.1225329864163,5.12533790810926,14.4957417890511
2.72101004943556,4.58364209971781,14.6093042983067
2.48632140415529,4.63325941230528,14.2391616329211
1.84991709802774,4.26546087873902,12.2307559535335
1.45693927403627,4.45650470522878,11.8268879585301
1.54879663871627,5.3608753507547,13.8193439789419
2.06584997972087,4.7208749083641,13.5734497761699
1.98866760538395,4.65967697743866,13.2966891656452
2.35869227389319,4.48822623360371,13.6938370149938
1.85363240703346,5.31308904114063,14.3334428963482
1.89615585162925,5.32652475230873,14.445361207876
2.46945260194875,4.76364812922617,14.4662014623499
1.65550845911495,4.80910362313279,12.9292241644955
1.8327805872815,5.21857597231173,14.1027131191865
1.8122262125061,4.56364486866487,12.7517421623419
1.36788736913549,5.48201616252597,13.6998070633229
2.09365184186292,5.04122256284577,14.2697488094174
2.05395644229298,4.77747033214721,13.6628535488804
2.57415967676639,5.38493208313145,15.9181835197957
1.79109895600005,4.9776895490343,13.5375770100687
1.95564844191601,5.18474361951129,14.2807841228546
1.8659260341061,5.99745920493831,15.7267704780888
1.98775067243116,5.19983598124009,14.3751733073425
1.9908477612722,5.16281347063639,14.3073224638172
2.12428933158306,4.94370081772702,14.1359802986202
1.92106514745053,5.40066565107545,14.643461597052
2.02638927466347,5.21493662184289,14.4826517930127
2.65739787487307,4.46622292179027,14.2472415933267
2.03821669566739,4.69281622604428,13.4620658434233
2.03736213359883,5.07075481466177,14.2162338965212
2.24351252501495,4.99543814507754,14.477901340185
1.62830512433792,5.24620064289906,13.749011534474
2.12934934993951,4.75666133893441,13.7720213777478
1.78972408340581,5.55764624784609,14.6947406625038
1.91887974682007,5.04786428476508,13.9334880631703
2.21464976227498,4.89220413003293,14.2137077846158
2.2836071770771,5.64044098164819,15.8480963174506
2.19554147296027,5.62388957722656,15.6388621003737
2.2313059838601,5.50683764312934,15.4762872539789
1.86934272743107,4.7529975695184,13.2446805938989
2.49262376590651,5.61583050468037,16.2169085411738
2.17130020694306,4.77958727140683,13.9017749566998
2.18251100272434,5.34572704857283,15.0564761025943
1.28699822895271,4.98603905789019,12.5460745736858
1.68944534044368,5.2605177663703,13.899926213628
1.93657483319985,4.64077790585236,13.1547054781044
2.28331800287015,4.8205194288357,14.2076748634117
1.98622989125759,5.62781751361444,15.2280948097441
2.52092451220302,4.82744047832285,14.6967299810517
2.49435868524676,4.97773539903998,14.9441881685735
1.54735842324622,4.4309828535237,11.9566825535398
1.82778419204052,5.91796369349474,15.4914957710705
1.75610822122364,4.75429714654864,13.0208107355446
1.94624507626006,5.07231396507794,14.037118082676
1.98710995697786,4.8248155286579,13.6238509712715
1.45591739340199,5.42562860327564,13.7630919933553
2.45666649510033,5.74583383503418,16.405000660269
1.9936708078353,5.7224529598092,15.432247535289
2.0854548855174,5.69323529053833,15.5573803521115
1.96428718020502,4.99427423896011,13.9171228383303
1.72966073882545,4.98516837145717,13.4296582205652
1.67310236450189,4.53820977330671,12.4226242756172
2.07021098325627,4.96102315875975,14.062468284032
1.65863782849051,5.82785799459683,14.9729916461747
1.86042531799999,5.39363451666104,14.5081196693221
2.63898082496464,5.76499465259736,16.807950955124
2.02303924451472,5.15231951473945,14.3507175185083
2.22414771359504,5.37318709592656,15.1946696190432
2.26895468891785,4.89352235637912,14.3249540905939
1.53002320200415,4.89215428140974,12.8443549668278
2.29109708222904,5.6679648898455,15.9181239441491
2.04690568578955,4.87143891589852,13.8366892033761
1.92509582582105,5.33838506828943,14.526961788221
1.850349575945,5.24694122373619,14.1945815993624
1.78837844879336,5.95583428009911,15.4884254577849
2.42960385916498,5.04766839357035,14.9545445054707
2.44680390810775,5.120408184791,15.1344241857975
1.76827658820848,4.56105234023051,12.658657856878
1.97452724731426,5.45987464393835,14.8688037825052
2.25620673101818,4.56974074819849,13.6518949584333
2.15893213248611,4.58654400061518,13.4909522662026
2.35544716827852,5.40461613892776,15.5201266144126
1.94583657472296,4.88374544757191,13.6591640445897
2.03736273240346,5.74205085549081,15.5588271757885
2.27508736316781,5.27496262234367,15.1000999710229
1.97092721913393,5.18322127930268,14.3082969968732
2.02178770980799,5.25119709065034,14.5459696009167
1.46796994620864,4.75124477793748,12.4384294482922
2.35321235711495,5.21664394693443,15.1397126080988
1.57266321339788,4.99537838115175,13.1360831890993
1.83013303208138,4.40760895756425,12.4754839792913
1.88295979979425,5.38425716725901,14.5344339341065
2.11194849484816,5.33940237408919,14.9027017378747
1.74391075931797,4.76318274026509,13.0141869991661
1.94316608207593,4.84954898517842,13.5854301345087
1.63707815390227,4.65133603043467,12.5768283686739
2.0304345138397,5.25532697396261,14.5715229756046
2.25763079358041,4.62979748481906,13.7748565567989
2.31083315289616,5.65562819190888,15.9329226896101
2.26906033341546,5.02104696313061,14.5802145930922
2.38179678600477,4.38512584819893,13.5338452684074
1.54659947582491,4.67282000390874,12.4388389594673
1.65185040695128,4.6486386692486,12.6009781523998
1.91239155829737,5.20305312988618,14.2308893763671
1.79718312585896,4.92920717606301,13.4527806038439
2.27096759703706,4.51450451517339,13.5709442244209
2.09924601436558,5.31114602118602,14.8207840711032
2.38657645215796,4.93261447630218,14.6383818569203
1.64382396039716,5.11301544117038,13.5136788031351
2.07472380261722,4.94993572919998,14.0493190636344
1.59764141783957,5.01032471025693,13.215932256193
2.09982763075333,5.77621470868116,15.752084678869
2.1124538771863,5.68419714262986,15.5933020396323
2.00128139861272,5.50278980296028,15.008142403146
2.36340720504989,5.48692994162987,15.7006742933595
1.84295675838279,5.75110771766379,15.1881289520931
1.76384220469985,5.35958992928087,14.2468642679615
1.5943533827168,4.76250573406363,12.7137182335609
1.67372514890872,4.94432921158243,13.2361087209823
1.34476129968716,4.67430254419517,12.0381276877647
1.86526573336405,4.92761486377637,13.5857611942809
1.75429873146587,4.68928595550356,12.8871693739389
1.94250593491076,5.36252090324143,14.6100536763044
1.72731446012366,5.31783212695257,14.0902931741525
1.94227517574725,4.89495125028956,13.6744528520736
2.43345196827087,5.65560561735426,16.1781151712503
2.42460501592442,4.99082150430643,14.8308530404617
1.63578085664108,4.90424061837951,13.0800429500412
2.2367801753246,5.43206237596518,15.3376851025796
2.4813454477643,4.32080003864509,13.6042909728188
1.54051477122834,5.61083282159676,14.3026951856502
2.38287527766512,5.04440340540265,14.8545573661355
1.71243965643163,4.51766475319577,12.4602088192548
2.37960302707877,5.14266009914588,15.0445262524493
1.94769079606459,5.1278073005965,14.1509961933222
1.84371817717408,4.51260314885015,12.7126426520485
1.50523970761237,4.67193820427512,12.354355823775
1.88793906690328,4.97192891913591,13.7197359720784
1.67682635555909,5.13561968924307,13.6248920896043
2.3768820088173,4.64831164373859,14.0503873051118
2.07251552422006,4.69482469775193,13.534680443944
1.59757515964091,5.81484421299509,14.824838745272
2.21878920641118,4.75960418620689,13.9567867852361
1.99090694757869,5.04811684180486,14.0780475787671
1.6509376445085,4.79214672081655,12.8861687306501
1.67261737437419,4.56347636906018,12.4721874868687
2.04425690570196,5.1788854726461,14.4462847566961
2.21589775750714,4.95010107862328,14.3319976722608
1.64090461037368,4.30377446380492,11.8893581483572
2.56052790650061,4.76311919545176,14.6472942039047
1.97029789513639,4.58390612719912,13.108408044671
1.26597585536296,4.60439337858085,11.7407384678876
2.04776284052986,5.38568227540831,14.8668902318763
1.78144004559054,5.77449246340141,15.1118650179839
2.26260465884707,4.82663754694724,14.1784844115886
2.3771327493134,4.85236609282878,14.4589976842844
2.0980023562199,5.06532009141422,14.3266448952682
1.51004164626848,5.51894063134316,14.0579645552233
1.89572037246509,4.48036118422348,12.7521631133771
1.55340406037935,4.98987407102784,13.0865562628144
1.68384798049626,5.08248891946764,13.5326737999278
1.26928022762432,4.54530405589437,11.6291685670374
2.29681731959102,4.98442415613497,14.562482951452
1.56101625436228,4.84340671885561,12.8088459464358
1.80656770765901,5.04889859370414,13.7109326027263
2.10071689000864,5.08268858274591,14.3668109455091
1.9255581545114,4.58109363982527,13.0133035886733
2.33996130664838,5.57219838407896,15.8243193814547
1.96812562990056,4.46565247949732,12.8675562187958
2.33841197322401,4.56680736957269,13.8104386855934
2.32756101796981,5.29040585416165,15.2359337442629
1.90450781269266,5.27701924124972,14.3630541078848
2.31511903946851,5.07191789718358,14.7740738733042
1.77951430081467,4.15571767097182,11.870463943573
2.28868380578312,5.55075465501211,15.6788769215905
2.38969031529878,5.65804713866069,16.0954749079189
2.23122782559419,4.73667378725376,13.9358032256959
1.8533141897306,4.51039710480865,12.7274225890785
2.39336643576008,5.14886026424501,15.0844534000102
1.93798374739567,5.39856632555312,14.6731001458976
1.66390235116583,4.34785151533935,12.0235077330104
2.08540629405351,4.18041927009684,12.5316511283007
1.84852656761674,4.76675392736923,13.2305609899719
2.09293498113325,4.84396741921397,13.8738048006944
2.33279880411713,5.47774908826005,15.6210957847543
1.9979648843342,4.997409174859,13.9907481183864
1.87207844597228,5.25062361486346,14.2454041216715
1.97441178351559,6.13293427719949,16.2146921214302
1.66086966169311,5.19531480277864,13.7123689289435
1.82048133906977,5.26151067955767,14.1639840372549
2.04091438308124,4.65043412651005,13.3826970191826
2.02987180731675,5.17821792075338,14.4161794561403
2.2081974056181,4.8886179049868,14.1936306212098
2.37603017795173,5.56071782667498,15.8734960092534
2.20929867875184,5.81368979290738,16.0459769433184
2.2209550312843,4.70364670743237,13.8492034774333
1.82580621699826,4.89902569555189,13.4496638251003
2.00151548389483,5.01747148442403,14.0379739366377
2.43603416156069,5.01842858426968,14.9089254916607
2.2991684017596,4.69674686384976,13.9918305312187
2.14671452955786,5.10197615436266,14.497381367841
2.0388467309973,4.73292852395886,13.5435505099123
2.26333163775778,4.777881939246,14.0824271540076
1.4521959457105,4.65953837023994,12.2234686319009
2.44146354214303,4.36301717601846,13.608961436323
1.86512423628148,5.01145856317154,13.753165598906
1.70589856250097,5.10861584221878,13.6290288094395
1.83671094874317,4.84286182832949,13.3591455541453
2.18982460193123,5.06440717035706,14.5084635445766
2.16804977835513,5.05641839948154,14.4489363556733
1.52895107743349,5.20765993941357,13.4732220336941
2.42900994349576,4.98747077932285,14.8329614456372
2.21186123361767,4.90309096221476,14.2299043916649
2.52422932092452,5.22676884580297,15.501996333455
1.78499092486139,5.35451130711816,14.2790044639591
2.2810510619227,5.59485872976612,15.7518195833776
2.02589619286597,4.75123416951905,13.55426072477
1.94437856818638,5.450283471201,14.7893240787748
2.20799193399153,4.24432993137081,12.9046437307247
1.76028779390618,4.90828224314428,13.3371400741009
2.19589271615747,4.80942615790624,14.0106377481274
2.65158464909912,4.87833878909789,15.059846876394
1.63715103915562,4.83367439421799,12.9416508667472
2.58515055626552,5.14280008138058,15.4559012752922
1.72973933506512,5.3315746401373,14.1226279504049
1.66545811422078,4.52020592134404,12.3713280711297
2.24480618793367,4.85577273580085,14.201157847469
1.73018088664571,4.43379659471555,12.3279549627225
1.41926562205298,4.73472779320369,12.3079868305133
2.31821738700014,4.91536587543362,14.4671665248675
2.13284807542158,4.76191942809169,13.7895350070266
1.67618017645193,5.5661956438262,14.4847516405563
2.21772478778782,4.51188123241535,13.4592120404063
1.92097041081333,5.56041699315724,14.9627748079411
2.02254893112404,5.13287318967211,14.3108442415923
2.07907729411319,5.20336911803321,14.5648928242928
1.61137977938712,5.49486549102326,14.2124905408208
1.98145566854961,5.4833039462437,14.9295192295866
1.88497151080699,5.49597248581349,14.7618879932409
1.59341530388753,5.40104872653029,13.9889280608356
1.93179480067507,4.48864191274447,12.8408734268391
1.86044605725635,5.09925873311872,13.9194095807501
2.11191642832569,5.18060862521032,14.585050107072
2.34284402916483,5.18720282868475,15.0600937156992
1.82252984018479,5.19022387737067,14.0255074351109
2.13626113744388,4.81506840379509,13.9026590824779
2.53251034675383,5.32108237170177,15.7071854369112
2.28350536123261,4.16933357595503,12.9056778743753
1.96838467492599,4.72492546733245,13.3866202845169
1.68725201472445,5.04425247115159,13.4630089717521
2.53752997576143,4.61096484821931,14.2969896479615
2.08040088546653,5.51766133233026,15.1961244355936
2.25954125547674,6.1528422534742,16.8247670179019
1.24685387734279,4.22799967280983,10.9497071003052
2.04797294407881,5.33192084010876,14.7597875683751
1.39776352263867,5.74493674798814,14.2854005412536
2.52312443473521,4.15664628997474,13.3595414494199
2.15771824820263,4.36167803310818,13.0387925626216
1.96507773942657,4.59781299165725,13.1257814621676
2.268008935199,5.11265573798438,14.7613293463668
1.98962098087267,5.18287516856779,14.3449922988809
1.63992290636615,4.62179279400993,12.5234314007522
2.00602439031577,5.38548762783534,14.7830240363022
2.26972322077122,4.47582389338804,13.4910942283185
2.00252528628345,5.39225727958135,14.7895651317296
2.55459631411313,5.45258354970774,16.0143597276417
2.03549641793287,4.54964637965232,13.1702855951704
2.85364003771322,4.51187330390739,14.7310266832412
1.81737810925545,5.23804922162158,14.110854661754
1.77149332808989,5.01306328914149,13.5691132344628
1.97713328172006,4.84425159894633,13.6427697613328
1.68041337384777,5.46696645267353,14.2947596530426
1.78399970493682,4.69545622568767,12.958911861249
1.69764178513288,5.19867775751588,13.7926390852975
2.20987942478559,4.7627525986,13.9452640467712
2.26056855175855,5.02325891378914,14.5676549310954
2.0543192787401,4.30547892776711,12.7195964130144
1.75057807195057,5.52266169281123,14.5464795295236
2.10782281060772,5.16000643258528,14.535658486386
1.97807276132363,4.08514637583327,12.1264382743138
1.73492103382692,4.62089505186699,12.7116321713878
1.8853955279682,5.40363002332005,14.5780511025765
2.39193775123369,5.57842996945171,15.9407354413708
1.64270959008835,5.29179321220904,13.8690056045948
2.12567163955157,4.96114892860677,14.1736411363167
1.78312275347715,5.41267007055228,14.3915856480588
2.67218635975179,5.2600083982832,15.86438951607
1.90952093735777,4.35967514488205,12.5383921644796
2.07698818803932,4.97729927956373,14.1085749352061
1.65740605712749,4.5632145898909,12.4412412940368
1.57808151626325,5.2686942562144,13.6935515449553
2.41119979554512,4.45187614966611,13.7261518904225
1.94377836972726,5.71096603797639,15.3094888154073
1.92118228422025,4.92928295514368,13.7009304787279
2.27382786040308,4.47168629348796,13.4910283077821
2.04241564902749,5.35665374583755,14.7981387897301
2.14222737110023,5.13483131816291,14.5541173785263
2.15080544345423,4.35702569297828,13.015662272865
2.11846724536749,5.12645864505158,14.4898517808381
2.30193913214008,5.49946339241777,15.6028050491157
2.04289916087196,5.30796024668063,14.7017188151052
2.23541386612791,5.43110911079333,15.3330459538425
2.56975507346776,4.88917782198189,14.9178657908993
1.9843648286225,5.10854471993289,14.1858190971108
1.89390710993498,5.28555604220326,14.3589263042765
2.19645378109986,4.46235231331638,13.3176121888325
1.92005833805696,4.66245782264002,13.165032321394
2.41023013768409,5.40055249978432,15.6215652749368
2.04879336546866,4.83767392800502,13.7729345869474
1.76735020114103,5.32571923726952,14.1861388768211
2.02717846887773,6.25890102227246,16.5721589823004
2.17561613810937,4.80482899118029,13.9608902585793
2.09934810761639,5.06923474608541,14.3371657074036
2.35221616897491,5.07940130581543,14.8632349495807
1.91190613349688,4.78924197015354,13.4022962073009
2.37242818453599,4.97886792160663,14.7025922122852
1.76813701754115,4.90263619796918,13.3415464310207
2.67497480893903,5.71994561832926,16.7898408545366
1.7114081175497,5.33441917373662,14.0916545825726
2.63669042456867,4.82094494595301,14.9152707410434
2.10716751451306,5.84142876253774,15.8971925541016
1.62686734782731,5.62458827034149,14.5029112363376
1.89844144733948,5.68591320928805,15.1687093132551
1.96739573172265,5.43576171972988,14.8063149029051
1.87860565435977,4.62097678344583,12.9991648756112
1.79924247311315,5.18512953230987,13.968744010846
2.45420312207478,5.56724213219606,16.0428905085417
1.54438372233579,4.83431008345306,12.7573876115777
1.94554488362683,4.37280430747334,12.6366983822003
2.04190107680285,4.82053973085606,13.7248816153178
1.74770089799665,4.43668412772433,12.368770051442
2.09306702530359,5.53164570072818,15.2494254520635
2.04888604674525,4.89409365834581,13.8859594101821
2.50842597756289,4.95548506437442,14.9278220838746
2.03284543859464,4.53540381443795,13.1364985060652
1.84990281662899,5.02611757714236,13.7520407875427
2.4291720451801,5.11010197790261,15.0785480461654
2.46200323335012,5.16019714851637,15.244400763733
2.12762019664368,4.86948541099773,13.9942112152828
2.22160061063885,4.31088835811784,13.0649779375134
2.28403072525954,4.72379502245678,14.0156514954326
2.26368982337296,5.27088989216457,15.0691594310751
2.1113833939458,5.1691637718551,14.5610943316018
2.2573030945398,5.33880080870218,15.192207806484
2.29022563421538,5.28532986501265,15.1511109984561
1.78854062261632,4.79260987844505,13.1623010021227
2.260056112112,5.14490315921219,14.8099185426484
2.23444345269282,4.9457278063349,14.3603425180554
1.73534168871657,5.01518381968923,13.5010510168116
2.00523503153339,4.47039981360743,12.9512696902816
1.81154347186639,5.68385465419787,14.9907962521285
1.79400675243496,4.83152443316189,13.2510623711937
1.62611380803764,5.0696048895387,13.3914373951527
2.08432132017704,5.58694396309813,15.3425305665503
1.44727848481336,6.31819884658638,15.5309546627995
2.24661722745017,4.76445110855618,14.0221366720127
2.63080038999863,5.19285516486092,15.6473111097191
1.94721811494407,5.40262005054474,14.6996763309776
1.93938964689505,6.01247473390727,15.9037287616047
2.33044065794254,4.14067386506033,12.9422290460057
1.84540724790062,5.86240102763696,15.4156165510752
2.07811759495232,5.09647646599847,14.3491881219016
2.15709669717235,4.89441899794312,14.1030313902309
1.59961340096659,4.81568945554558,12.8306057130244
2.50827774704526,4.76917285998448,14.5549012140595
1.89799365022276,5.15742856779236,14.1108444360302
1.57848924629736,4.80336776296795,12.7637140185306
2.09792605203858,5.76012204654667,15.7160961971705
1.91207910207807,4.95127075926229,13.7266997226807
2.29717809357287,4.76443668111914,14.123229549384
2.20137770770396,4.49047925413782,13.3837139236836
1.95542973968081,6.21112405747236,16.3331075943063
1.67132581440969,4.2918441406855,11.9263399101904
1.68506491998624,5.47382222564187,14.3177742912562
1.74319048000001,5.50684135950279,14.5000636790056
2.13373465205925,4.8498537258304,13.9671767557793
1.62017104159849,4.85658925031131,12.9535205838196
2.47823609854582,5.15113979807443,15.2587517932405
1.9922375307333,5.17585844905041,14.3361919595674
1.72442903075333,3.99623185729043,11.4413217760875
2.15933761493027,4.65538841392834,13.6294520577172
2.0138831783815,4.06640173347921,12.1605698237214
1.50524797346418,5.17236872203212,13.3552333909926
2.22684564921894,5.81838111273767,16.0904535239132
1.86802635033323,4.88326610057937,13.5025849018252
1.99003111248512,4.93773436160342,13.8555309481771
1.71387344500525,4.73531732703703,12.8983815440846
1.99983495485674,4.31452754329809,12.6287249963097
2.44204016187101,4.37406483918026,13.6322100021025
2.2578947738373,4.56420037714963,13.6441903019739
2.32751844238618,4.55923199086284,13.773500866498
2.51964997271638,5.04404777408178,15.1273954935963
2.29862892868503,5.20919679611978,15.0156514496096
1.54533568474357,5.17081855680157,13.4323084830903
2.53502282266206,5.09003635717464,15.2501183596734
2.5307498168312,5.42618280909504,15.9138652518525
1.92162010049075,6.15016296653897,16.1435661340595
2.79259132983167,4.74560805359487,15.0763987668531
2.07210748389083,5.15709541135041,14.4584057904825
2.13140710160848,5.82721943727024,15.9172530777574
1.29151745860358,4.37146712691915,11.3259691710455
1.69681768942139,5.41009608129578,14.2138275414343
1.78331535710381,4.31229604257584,12.1912227993593
1.86759325263593,4.53962563881631,12.8144377829045
1.79857348187989,4.26583743717305,12.1288218381059
2.02551323032609,4.81404338613609,13.6791132329244
1.91235971529179,5.29281092820949,14.4103412870026
2.28617350129595,5.13448337244047,14.8413137474728
2.04383841371787,4.69760125569281,13.4828793388214
1.77096750991697,5.20226500957112,13.9464650389762
2.1175936821411,4.12476488668961,12.4847171376614
2.24827339568588,4.84839969809845,14.1933461875687
1.67630379540966,5.25053182079969,13.8536712324187
2.14202786322655,4.81106840473904,13.9061925359312
2.3829646499194,5.10643302599426,14.9787953518273
2.32178940703046,5.23159866328149,15.1067761406239
2.46624477596714,5.59543312948318,16.1233558109006
2.27786801866228,4.92462721583354,14.4049904689916
2.16676814113928,5.46116856109786,15.2558734044743
1.94724752862046,5.60472970483715,15.1039544669152
2.02176841529073,4.8770344247138,13.797605680009
2.00317402145993,4.31774011116195,12.6418282652438
1.99711935886905,3.79542059472475,11.5850799071876
2.59026925875272,5.13426052534344,15.4490595681923
2.18173477515602,4.12809088576783,12.6196513218477
2.12639403072611,5.43688820718347,15.1265644758192
1.85187980105761,5.30402662385882,14.3118128498328
2.03941696409103,4.95143727509634,13.9817084783747
2.42658027054522,4.66398201994521,14.1811245809809
2.45910517604896,5.23295190470953,15.384114161517
2.03174715035375,4.43034346735176,12.924181235411
1.88999142149917,5.33685689106748,14.4536966251333
2.31839002117379,4.88915456583106,14.4150891740097
1.81056995630634,5.16895732461002,13.9590545618327
2.33171093711898,5.17680331014515,15.0170284945283
2.07243913364217,4.81963029159506,13.7841388504745
1.74256118749095,4.70902090089722,12.9031641767764
1.95263141267218,5.34397387492101,14.5932105751864
2.14320630519143,5.47253085453404,15.2314743194509
2.15482457357598,5.59564851959773,15.5009461863474
1.95947091561167,5.22959876283895,14.3781393569012
2.17199002527158,4.93829331640145,14.2205666833461
2.0264265526969,4.88310518588068,13.8190634771552
2.27491601267269,4.84759473749163,14.2450215003286
2.95165659289198,4.91280558412095,15.7289243540259
2.41881547766225,4.40117673550956,13.6399844263436
1.78359429426328,5.66008028759484,14.8873491637162
1.79455386126534,5.21057959683902,14.0102669162087
1.94744010333135,5.33833415383574,14.5715485143342
2.27873871348647,4.87947821056638,14.3164338481057
2.80131605231262,4.79751059748729,15.1976532995998
2.73213964694891,4.98342324333972,15.4311257805773
1.55951423025827,6.09521497182026,15.3094584041571
1.62981428448618,5.48703248775252,14.2336935444774
2.09635246427592,4.81400353106573,13.8207119906833
1.66164138071832,4.66401407548162,12.6513109123999
1.9731310980798,5.42277884978357,14.7918198957267
2.16640174890091,4.43498027085391,13.2027640395096
2.494530724246,5.34402540753738,15.6771122635668
2.1489292079207,5.38843122504496,15.0747208659313
1.68660504275484,4.7139089904335,12.8010280663767
1.66191121508,4.91718938941024,13.1582012089805
2.68235670170916,5.35130363809117,16.0673206796007
2.38500391642963,5.22314927109853,15.2163063750563
2.20584546426675,5.5792623926027,15.5702157137389
1.24717717650243,4.87624858091028,12.2468515148254
2.11627989265862,4.19486528951613,12.6222903643495
1.71562433332703,5.37222605306634,14.1757007727867
2.08363200354521,4.43085111815173,13.0289662433939
2.25202795469612,5.70772962097779,15.9195151513478
2.04394691292327,5.64655367217255,15.3810011701916
1.95428861347893,4.22220661812171,12.3529904632013
1.90540170660752,4.49017066349218,12.7911447401994
1.7412986038025,4.87981492546053,13.2422270585261
1.65151959189703,4.42075904032518,12.1445572644444
1.81723177128096,3.98330881113413,11.6010811648302
2.18677804947916,5.14134351757638,14.6562431341111
1.94859459952468,5.01394077509151,13.9250707492324
1.96563145592913,6.2241542344528,16.3795713807639
2.55884789596912,4.00260971853478,13.1229152290078
2.04009446930302,4.86828545326974,13.8167598451455
1.82881012637555,4.90893834195997,13.475496936671
1.90563041194002,4.31647594068826,12.4442127052566
2.04594467613641,4.54680787585105,13.1855051039749
1.8792583603384,5.30212503953248,14.3627667997418
1.82220069175965,4.92871708636149,13.5018355562423
2.40140930312086,4.79829031085919,14.3993992279601
1.61467205134114,4.60100125232381,12.4313466073299
1.62410685337182,5.2716975168875,13.7916087405186
1.75022835792731,5.36580846905472,14.2320736539641
2.06893143655234,5.3781844946623,14.8942318624293
1.42886355680568,5.21430856028569,13.2863442341827
2.22054588903809,5.48669785880587,15.4144874956879
1.99180779685981,5.36304459891475,14.7097047915491
1.67845258107011,4.82506154595858,13.0070282540574
1.82675212132833,5.34993493412527,14.3533741109072
1.84433156066268,4.61483457236167,12.9183322660487
2.56293405428849,4.99166181359606,15.1091917357691
2.36989161869356,5.58612356457738,15.9120303665419
1.67864450555653,4.94922791586158,13.2557448428362
1.09043837440601,5.23048765736419,12.6418520635404
2.10967251985987,5.00405639542193,14.2274578305636
1.56703886178372,5.40955227069143,13.9531822649503
2.37387618242727,5.1217664948007,14.991285354456
2.35536315493551,5.27338403651236,15.2574943828958
1.74077586728316,4.43670914148716,12.3549700175406
2.12971035749643,5.03712318893832,14.3336670928695
2.25179472440218,4.70336360889322,13.9103166665908
2.30928767139763,4.80948266118961,14.2375406651745
2.06522303519713,5.30379751209936,14.738041094593
2.4793521494098,4.90515859423422,14.769021487288
2.18482517131961,5.30981452450425,14.9892793916477
1.41056812621,4.88378128921607,12.5886988308522
2.17970335760255,4.81801871502073,13.9954441452466
2.17789002956332,4.44860348299386,13.2529870251144
1.98325885188417,5.12481406184682,14.216145827462
2.0265128715858,5.21780228632171,14.488630315815
1.83790903527578,4.81653000614262,13.3088780828368
1.92817391590143,5.47727611020398,14.8109000522108
2.34822000484165,5.83471986273287,16.365879735149
1.63018507050012,4.90910103934584,13.0785722196919
2.16007130839819,4.52487055364994,13.3698837240963
1.52339509777877,4.67563272872289,12.3980556530033
2.04801505470994,5.13596941940328,14.3679689482264
2.3342847226282,4.89852276021582,14.4656149656881
1.96963317589102,4.60832826581627,13.1559228834146
1.73596039784274,4.70701646730489,12.8859537302953
1.92968422068332,5.11402324699012,14.0874149353469
2.19628182979481,4.88184035543694,14.1562443704635
1.95578944170554,4.81504090352829,13.5416606904677
1.98547445143082,4.69174706255462,13.3544430279709
1.5918824594236,6.08494955178085,15.3536640224089
1.49274197110539,5.52582714936444,14.0371382409397
2.51975851740694,4.85089861313694,14.7413142610878
2.08762943190165,4.77412386956498,13.7235066029333
2.36665477173113,5.00595504085716,14.7452196251766
2.06290062945387,5.50157383360444,15.1289489261166
2.31582702227869,6.04147142520755,16.7145968949725
1.97724845656804,4.84195433124816,13.6384055756324
1.27508102010902,5.43156223625888,13.4132865127358
1.91462300216055,5.34335364751931,14.5159532993597
2.36877139623238,4.72977201269958,14.1970868178639
2.31613878766394,6.14010534506793,16.9124882654637
2.0406599984233,4.61562046810987,13.3125609330663
1.7884653657733,5.32287173375874,14.2226741990641
2.23472607868309,4.90004145731287,14.2695350719919
2.44247700458943,5.07658171985257,15.038117448884
2.18090045720074,4.29897187791515,12.9597446702318
2.01656518874125,4.71429716042564,13.4617246983338
1.87209961060314,4.1805690034539,12.1053372281141
1.87727786165517,4.63320919732349,13.0209741179573
1.68946479884225,4.48452761758105,12.3479848328466
1.38241094431915,4.8835448854914,12.5319116596211
1.66520430701837,4.59786622493997,12.5261410639167
1.85983146242731,4.80521697650311,13.3300968778608
2.43782663669741,4.3118648211535,13.4993829157018
2.14221773038513,5.05630893575897,14.3970533322882
2.15399212174583,4.68141687236339,13.6708179882184
1.71436980392106,4.39241344131721,12.2135664904766
1.82760844578709,4.97241577977832,13.6000484511308
2.10169911440616,4.87039488869518,13.9441880062027
2.17614666540481,5.91132654376047,16.1749464183306
1.85727511955281,5.27847289381372,14.2714960267331
2.25789434286134,5.94399810270849,16.4037848911397
2.0693595271498,4.80263315019474,13.7439853546891
1.9695403836604,4.97053226809687,13.8801453035146
1.77975153222727,5.52099093792144,14.6014849402974
1.71024427779831,5.09156946735234,13.6036274903013
1.9394592962117,4.06437832750331,12.00767524743
1.59344085283089,4.18255610990145,11.5519939254647
2.2219906288655,5.0096552703895,14.46329179851
2.39099391056298,4.56416259274992,13.9103130066258
2.31217957376224,4.68456692883721,13.9934930051989
1.91369492871546,5.28240422796451,14.3921983133599
2.03899357842075,4.48928562837406,13.0565584135896
2.21088705312108,5.39991946273738,15.2216130317169
2.31088138450796,5.12427546416314,14.8703136973422
2.29659325403498,5.51629933177308,15.6257851716161
2.59042284470455,4.39380388209222,13.9684534535935
2.63793924483252,5.86545850450766,17.0067954986804
2.15804035487307,5.26736222689961,14.8508051635453
2.06381962177103,3.92239489783279,11.9724290392076
2.10982617835859,4.9485488043222,14.1167499653616
1.95648974502854,5.15582392618062,14.2246273424183
2.12295332483627,5.28556302476407,14.8170326992007
1.7066455865182,5.42660733738291,14.2665058478022
1.80004544195578,5.59967706054039,14.7994450049923
2.35243772664535,5.64679048542744,15.9984564241456
1.91335167389839,5.05743063477542,13.9415646173476
1.80873670738909,5.33794307955951,14.2933595738972
2.96672632757963,4.19413897504054,14.3217306052403
2.11888765332331,4.78404824529922,13.8058717972451
1.56161697125563,4.04927453829284,11.2217830190969
2.33755466562037,4.14448550877164,12.964080348784
1.53492054100414,5.18026931762285,13.430379717254
2.01104766387706,5.19210207268203,14.4062994731182
1.96327867861307,4.86374141891151,13.6540401950492
2.24975627237098,5.26373249371613,15.0269775321742
2.24381258265359,5.62180086293566,15.7312268911785
1.7244098023652,4.18323913605091,11.8152978768322
2.55267881298077,5.57644846002424,16.25825454601
1.85606293538856,5.16710255634388,14.0463309834649
1.90812598034541,4.2663526837947,12.3489573282802
1.06261861158362,4.82728502699757,11.7798072771624
1.83438001015045,4.53877150427925,12.7463030288594
1.64659132956392,4.83090931751869,12.9550012941652
2.42823034892426,5.01093321879166,14.8783271354318
2.01717539686774,4.54099061616769,13.1163320260709
1.93665768468835,4.97738612839322,13.8280876261631
1.80735515664216,4.65624755789844,12.9272054290812
1.98889311466506,4.7728921689396,13.5235705672093
2.2643015847895,5.51203747498012,15.5526781195393
1.84457093654029,4.92429113613287,13.5377241453463
1.38886388095624,5.35021593629497,13.4781596345024
1.62051994929103,4.29903867167394,11.8391172419299
2.02043626187351,5.81312736579904,15.6671272553451
1.75367480534406,5.18917327449201,13.8856961596721
2.37707528178204,4.58960664073641,13.9333638450369
2.22117799678523,5.72391733980317,15.8901906731768
1.29343225236642,4.76318375912536,12.1132320229836
1.49347947124629,5.05365682931165,13.0942726011159
1.94674682609776,4.25371753677919,12.4009287257539
1.8807414728372,4.67141173780308,13.1043064212806
2.36075663435983,4.37977315419277,13.4810595771052
1.71985255293862,4.32983623459533,12.0993775750679
1.88649561826413,4.9019528001072,13.5768968367427
1.90096911686213,5.47371628152514,14.7493707967745
2.59372973082905,5.08738946521156,15.3622383920812
1.52121715366203,4.91106615698681,12.8645666212977
2.1011006540107,5.36084517074711,14.9238916495156
1.88097287535178,5.79119480387484,15.3443353584532
2.16762466053877,4.83599522146546,14.0072397640085
1.99303246914542,5.14195256346163,14.2699700652141
2.33365516356819,5.43781163167919,15.5429335904948
2.33648215489103,5.11291798566895,14.89880028112
2.20903376086518,5.21240447107581,14.842876463882
2.48752242133339,5.40195874933108,15.7789623413289
2.11220895344948,5.02594752625354,14.276312959406
2.38786913170699,5.73394434897724,16.2436269613685
1.98665018983852,5.45447425484748,14.882248889372
2.11648694802085,4.58508494619263,13.403143788427
2.08892106019867,5.63231926794523,15.4424806562878
2.28365007579415,5.10058892994603,14.7684780114804
1.73593796895911,4.33862256432355,12.1491210665653
2.27779654254951,4.75768416434778,14.0709614137946
1.90020033052144,5.45796428841913,14.7163292378811
1.47141583086294,5.4893908548234,13.9216133713727
1.56263723813543,5.01244733611282,13.1501691484965
2.22594400248857,4.85285056817556,14.1575891413283
2.14331909777779,5.13469844287024,14.5560350812961
1.78300708447549,5.1748220991793,13.9156583673096
2.1030691250224,5.19388734059788,14.5939129312406
1.97134156623483,5.4328146930816,14.8083125186328
1.78992455312154,4.62431712625473,12.8284833587525
2.00320575406853,4.8266670664823,13.6597456411016
1.51533122254257,4.52087247498621,12.0724073950576
1.93569305200511,4.50571444929739,12.882815002605
1.64778950489951,4.57825019487373,12.4520793995465
2.29807343024884,5.48871020974397,15.5735672799856
2.73841056884981,4.84806373882592,15.1729486153515
2.34877879032051,4.6044920479285,13.906541676498
2.27649503019608,4.62748650301229,13.8079630664167
2.14260259698526,5.2851131080035,14.8554314099775
2.01592190406952,4.6185435068657,13.2689308218704
1.74600905319803,5.01670981512804,13.5254377366521
1.89405882784394,4.68957848772993,13.1672746311477
2.20706681649443,4.92650471750367,14.2671430679962
1.61324535050596,4.73213089074118,12.6907524824943
1.64183649000102,5.20920787979818,13.7020887395984
1.97122711254444,5.05621754551922,14.0548893161273
1.79309657119676,5.09921202833716,13.7846171990678
2.09125455952436,5.67140312087547,15.5253153607997
1.60097934591451,4.83456089593368,12.8710804836964
1.91624878981269,4.91279926005433,13.6580960997341
1.97826062246539,6.03871612472698,16.0339534943848
1.37946740617674,4.72661679903907,12.2121684104316
1.74423925931308,4.81179496535471,13.1120684493356
1.81325489547766,5.23876756699149,14.1040449249383
1.96051423750449,4.81304081508915,13.5471101051873
2.10820909797525,5.22168905787681,14.6597963117041
2.07597494154969,4.58808327939298,13.3281164418853
1.86391709181666,5.77543332187415,15.2787008273816
2.25837245361816,6.10048508397451,16.7177150751853
2.27078844109564,5.20219908785477,14.9459750579008
1.74239839721838,5.34428413326197,14.1733650609607
1.71709227983702,5.31483380975981,14.0638521791937
2.79653851288366,5.33374807423903,16.2605731742454
2.05354549357605,4.41375151466523,12.9345940164826
1.69614582903201,4.90514815578348,13.202587969631
1.52817320115469,5.04148029654646,13.1393069954023
1.75039160353829,5.65089717021525,14.8025775475071
1.93672919087862,5.25298342037166,14.3794252225006
2.48418562122285,4.93579414705016,14.839959536546
2.30223603989161,5.02281199836016,14.6500960765035
2.31486190372105,4.47471221780986,13.5791482430618
1.67398593284931,5.24528588252857,13.8385436307558
1.9455611601511,5.03976958626156,13.9706614928253
2.24007761003323,5.6089135358603,15.6979822917871
2.15571564966617,4.79491381857316,13.9012589364787
1.82660848013422,4.96283641440086,13.5788897890702
2.32993785945169,4.84780656492919,14.3554888487618
2.47383030393547,5.76621446176326,16.4800895313975
1.60081600226862,5.13138394869481,13.4643999019269
1.79243934965044,4.93824639726064,13.4613714938222
2.11648392373076,6.11053664194317,16.4540411313479
2.19941984564899,4.86069373050169,14.1202271523014
2.01540347663055,5.70039056708545,15.431588087432
2.28605792130675,4.43399172337473,13.440099289363
1.84059465177924,4.90811043716041,13.4974101778793
1.665345734846,4.31117276360391,11.9530369968998
2.07375918708787,4.9437367064373,14.0349917870503
2.01122586555186,4.9999527762005,14.0223572835047
2.09250771322965,5.2212598774911,14.6275351814415
1.50099810314883,5.17395400306013,13.3499042124179
2.33899353166251,4.85021727215023,14.3784216076255
1.96279615855422,4.90242170076957,13.7304357186476
1.70540851996145,5.08543330242572,13.5816836447743
1.93756681340621,4.7851813502223,13.445496327257
1.59162776744002,4.42287970787047,12.029014950621
2.03491342141883,5.60324315657361,15.2763131559849
2.15473061696309,4.91963019766972,14.1487216292656
2.3009323126333,5.04877125730027,14.6994071398671
1.97290453252284,4.99590397534631,13.9376170157383
2.24141458940256,4.93429706212584,14.3514233030568
1.93209888427506,5.6564959872212,15.1771897429925
2.36741274470296,4.54932131449648,13.8334681183989
1.6602905411329,5.07961869012022,13.4798184625062
1.79608118690172,5.28209761900923,14.1563576118219
2.5438878911501,4.9007917880201,14.8893593583404
1.5386441573985,4.79966084877448,12.6766100123459
2.11967807940593,4.36246673676201,12.9642896323359
1.74896164000133,4.99078800080083,13.4794992816043
1.86570864809624,5.51061133938132,14.7526399749551
1.97459002590894,5.38835019129552,14.7258804344089
2.06789629168302,4.72897054216966,13.5937336677054
1.47038737554113,4.7551351546612,12.4510450604047
2.3418042343265,5.23047662518457,15.1445617190221
2.29557245810941,5.70757647800177,16.0062978722224
1.39543205414143,5.80775439073655,14.406372889756
2.32509796596106,5.03311640506116,14.7164287420444
1.80448629674743,4.69615314919275,13.0012788918804
1.99466426426863,5.22762996148278,14.4445884515028
1.58147799528124,4.27733228857478,11.717620567712
2.13202253971204,5.33161589193797,14.9272768633
2.38057943333501,3.92015924865706,12.6014773639841
2.11229278680605,4.94437376836636,14.1133331103448
2.57597658524248,5.19399020767285,15.5399335858307
2.12313542488926,3.94744101530838,12.1411528803953
2.27528778132379,4.84921559725968,14.2490067571669
2.67630640882008,5.32380115368628,16.0002151250127
1.47763963306697,4.59195207007873,12.1391834062914
1.89309090231147,5.15978719193933,14.1057561885016
1.98278045746952,5.05741116126178,14.0803832374626
2.69209929717956,5.31853885645755,16.0212763072742
1.75177234571217,5.06377734565473,13.6310993827338
1.53881262087775,5.14332917246477,13.364283586685
1.91970360954999,5.92773036341511,15.6948679459302
2.42207256263865,4.85489091166438,14.5539269486061
2.0495647201301,4.60652875431544,13.3121869488911
2.5548207491324,4.8656013695212,14.8408442373072
2.01330052917818,4.95337150078376,13.9333440599239
1.81122433527001,4.75095070703369,13.1243500846074
2.28704326230949,4.86742093368502,14.308928391989
1.84264572071751,4.7023375879755,13.089966617386
2.71606525050762,5.17217439354945,15.7764792881141
2.01608237736915,4.92806400324505,13.8882927612284
2.02393770105609,4.42425023504411,12.8963758722004
2.15532386652712,5.77168515655307,15.8540180461604
2.03448544512565,5.26541770383214,14.5998062979156
2.07410792197927,5.06614154727514,14.2804989385088
2.00159922851,4.52451650377561,13.0522314645712
1.62203638385584,5.69417505643757,14.6324228805868
1.85580740710769,4.8504172837029,13.4124493816212
1.2439347074358,5.63713470051613,13.7621388159039
2.18479039392435,5.05064848850069,14.4708777648501
1.86595031503803,5.52661155715691,14.7851237443899
1.63667961819807,5.31540647839876,13.9041721931937
2.4290639578407,5.70661219122348,16.2713522981284
1.9548316245807,5.13742786991754,14.1845189889965
1.80265187959392,5.30642797730796,14.2181597138038
1.90601140050677,4.49218669803403,12.7963961970816
1.98168652587267,5.1862082196653,14.335789491076
1.68484814002455,6.01391024146355,15.3975167629762
2.13502882212918,4.87866258757363,14.0273828194056
2.46805410346972,5.40719485293783,15.7504979128151
2.49917600625118,4.4648671951696,13.9280864028416
2.06998355763156,4.78135989762564,13.7026869105144
1.94812442154953,5.23357453904,14.363397921179
1.95999791546994,6.11692230556552,16.1538404420709
2.08785953701807,5.61851347092262,15.4127460158814
1.57185447001975,5.00824919380658,13.1602073276527
2.70489611106557,5.06657818833536,15.5429485988019
2.15188527808693,5.3179850323126,14.9397406207991
2.356202722823,5.35475018685384,15.4219058193537
1.96631345510802,5.43182152524314,14.7962699607023
1.95468712698977,4.65983234821427,13.2290389504081
1.45466208395078,4.84423789638964,12.5977999606808
2.33392925862878,5.32000361401755,15.3078657452927
1.90860430754269,5.27558667493141,14.3683819649482
1.90593890135187,4.84384099388183,13.4995597904674
1.75521920713365,5.13975752285826,13.7899534599838
2.45995960068462,4.90434615816552,14.7286115177003
2.07308548785771,4.47266473146946,13.0915004386543
2.06593400225647,5.19604549373995,14.5239589919928
2.10332305433908,5.49592335833696,15.1984928253521
1.8045129190515,5.70495006362326,15.0189259653495
2.41387706591753,5.37883608448499,15.585426300805
1.76607113397046,5.21298722733889,13.9581167226187
2.54700457134145,5.1872562374551,15.4685216175931
2.33222873023327,4.07045660616528,12.8053706727971
1.29402652773956,4.69009409104473,11.9682412375686
1.98442159826345,4.56072243246985,13.0902880614666
1.96462974766146,4.74715795953847,13.4235754143998
1.73938292513905,4.24469591139754,11.9681576730732
1.79413658190137,4.91385325605463,13.415979675912
1.26842824443119,4.69951654732787,11.9358895835181
1.69951410760283,5.36916244523301,14.1373531056717
2.15038230365664,5.31792560007562,14.9366158074645
2.80495610458219,4.57041071198966,14.7507336331437
2.26889218508707,4.15981329874632,12.8574109676668
2.03919163031011,5.55516412106741,15.188711502755
2.23283262996229,5.00352868255027,14.4727226250251
1.81746263378981,5.78112554186712,15.1971763513139
1.52550681019504,5.11747451607983,13.2859626525497
2.0072073680132,5.86058772435865,15.7355901847437
1.90289387091148,5.64892186252258,15.1036314668681
2.31677495155829,5.60504894797448,15.8436477990655
1.6763220419443,5.3792940993981,14.1112322826848
1.9920069301235,5.41011645441404,14.8042467690751
2.1260626438092,5.15925570911051,14.5706367058394
1.88269899783345,5.45143188923513,14.6682617741372
2.23412348613989,5.41818889491732,15.3046247621144
2.38204258923991,4.58435083899873,13.9327868564773
2.78371288231243,4.55712091946279,14.6816676035504
2.50199889403973,4.98803494755131,14.9800676831821
1.45153092647334,4.69429813439171,12.2916581217301
2.19493765297787,4.94937725823358,14.2886298224229
2.0561100165974,5.44694218563065,15.0061044044561
1.69139180200415,5.48925506848046,14.3612937409692
1.56583611589407,4.56741253929536,12.2664973103789
1.9243621190854,4.79103222884948,13.4307886958698
1.67112494530806,5.05427401880734,13.4507979282308
1.58928058921772,5.24904982089819,13.6766608202318
2.24724684055821,4.85829320224663,14.2110800856097
1.55645976458033,4.8573822732734,12.8276840757075
1.45190274776985,5.25704452652326,13.4178945485862
1.27117299598545,5.79485369597268,14.1320533839163
1.89313436076169,5.06749665057032,13.921262022664
2.42050341259026,5.24821643478546,15.3374396947515
2.11631017973819,5.01111086731816,14.2548420941127
2.4303372517614,5.16818262139686,15.1970397463165
2.25730310102245,4.36607654306432,13.2467592881735
1.90908221034357,5.61336016586581,15.0448847524188
2.04949177108732,4.03277407737698,12.1645316969286
2.1697369788487,4.98838645323808,14.3162468641735
1.62605232448863,5.40958783460166,14.0712803181806
1.56315131172402,4.05401315827725,11.2343289400026
1.57612426788356,4.50042176584909,12.1530920674653
2.068151786834,4.74640697707785,13.6291175278237
1.91223935818253,5.58551500980282,14.9955087359707
2.2114057609301,5.3524659781098,15.1277434780798
1.92534106321106,4.94281335554887,13.7363088375199
1.4781268763099,5.0220692973934,13.0003923474066
2.12844653471399,5.41722691669381,15.0913469028156
1.54930935763962,4.31130379814398,11.7212263115672
1.78112316348442,4.49211450685562,12.5464753406801
1.62309703887663,4.51723904805608,12.2806721738654
1.56109602740665,5.43861564624493,13.9994233473032
2.02636729213608,5.22934619558037,14.5114269754329
1.81629150847389,4.91402722150357,13.4606374599549
1.89867373247692,5.02664981293404,13.8506470908219
2.04030112001487,4.4363132003131,12.9532286406559
2.26672671686939,4.75812035656101,14.0496941468608
2.55808126791344,4.64664563821233,14.4094538122515
1.92907014893824,4.87437606079602,13.6068924194685
1.75278463098531,5.58541563865203,14.6764005392747
2.3283633603524,4.11876835773696,12.8942634361787
2.61633128618313,5.48731316274149,16.2072888978492
1.77592351798372,5.23793641562653,14.0277198672205
1.71204170254868,4.84271302438502,13.1095094538674
2.18054232235894,5.5849537932273,15.5309922311725
2.26067607678312,5.09213944273706,14.7056310390404
2.21329253872629,4.64739730743247,13.7213796923175
1.7470258349586,4.75167451367265,12.9974006972625
1.43660752321092,5.50201991080203,13.8772548680259
2.05286536106708,5.19481043430185,14.4953515907379
1.86108304463177,4.6310990403998,12.9843641700631
2.36869703493823,4.93228915472224,14.6019723793209
1.73009229220661,5.22151275717735,13.9032100987679
2.26446761304846,5.30546750304838,15.1398702321937
2.28324058488116,5.58882801060044,15.7441371909632
1.91733750594416,4.31032984437883,12.455334700646
2.63318080877384,4.82974770973176,14.9258570370112
1.56930656130744,5.27160036536214,13.6818138533391
1.99971803686202,5.60083775373462,15.2011115811933
2.10250768444808,4.86476206084701,13.9345394905902
2.02252259111017,5.43471898801215,14.9144831582446
1.87292915761654,4.44213961811318,12.6301375514594
2.2718032068931,5.26719707207588,15.0780005579379
2.05657607710806,5.06749263140937,14.2481374170349
1.83799842788078,4.73489025525142,13.1457773662644
1.64506583220216,5.67869696155161,14.6475255875075
2.00433483753381,5.13791806595914,14.2845058069859
1.92727308402908,4.83960307481867,13.5337523176955
1.67745918400995,5.69734206641357,14.749602500847
2.28788285223598,4.82631010260102,14.228385909674
1.72211613318772,4.99581020717852,13.4358526807325
2.03479939125958,4.79227614438271,13.6541510712846
2.36069218444499,4.55273547852436,13.8268553259387
1.64952948834156,5.51134627966263,14.3217515360084
2.1845747316769,5.50636557964837,15.3818806226505
1.53532934496489,4.96092109265684,12.9925008752435
1.95403268794003,5.48915108123401,14.8863675383481
2.23226349922857,4.91674907283111,14.2980251441194
1.99452242458215,5.28358807814418,14.5562210054527
2.10514924596291,4.57191417959729,13.3541268511204
1.89751339272604,5.5740234985822,14.9430737826165
2.14713059669642,5.06365287798155,14.4215669493559
1.88357831675276,5.85342468214145,15.4740059977884
2.13425828788136,4.18732457326363,12.64316572229
1.88226079440824,4.68026700244616,13.1250555937088
2.11227329934599,4.59988180523574,13.4243102091635
2.03431101693635,3.82228595828493,11.7131939504426
2.12983291579447,4.5747873458512,13.4092405232913
2.24881343363047,4.64491042590556,13.7874477190721
2.32698318186233,5.16967870614277,14.9933237760102
1.87390179667746,4.4046272492793,12.5570580919135
1.4870037610668,5.44025369951752,13.8545149211686
2.12585160719463,4.89434294755572,14.0403891095007
2.42820625801585,5.46687380123428,15.7901601185003
2.40360561870756,5.39288557855767,15.5929823945305
1.92537641704053,4.95908526064146,13.768923355364
1.77976009779849,5.90651592710421,15.3725520498054
2.23312031521748,4.77183169630574,14.0099040230464
2.35621970495743,4.91780124189551,14.5480418937059
2.11391187076695,6.15862237961514,16.5450685007642
2.64019291811069,5.26368656238675,15.8077589609949
1.96124275397834,5.40190330732269,14.7262921226021
1.98362816492057,4.89622757716646,13.7597114841741
2.17035860619922,5.16860754039122,14.6779322931809
1.57394032035579,4.14792141602938,11.4437234727703
1.60265518713211,3.73753882549317,10.6803880252506
2.05784175783499,5.64841031363054,15.4125041429311
1.7032793553162,4.45133716015203,12.3092330309365
2.20880858038239,4.49867464388234,13.4149664485295
1.95840216755025,5.14202968497246,14.2008637050454
2.23634487601791,4.86926197353735,14.2112136991105
2.27868090589704,4.95921778836865,14.4757973885314
2.2432680514362,4.84038879466429,14.167313692201
1.77009183069615,3.84097807982869,11.2221398210497
1.8978984280756,5.15816921348452,14.1121352831202
1.69347252722837,4.67672969816668,12.7404044507901
2.21646241403818,4.50889389903498,13.4507126261463
2.11620529495573,4.55238865076971,13.3371878914509
2.47150236761451,6.04039278296988,17.0237903011688
2.16759785572433,4.79376704831091,13.9227298080705
1.46737128923966,5.8067365560468,14.5482156905729
1.54291804670843,5.78377549227483,14.6533870779665
2.08478681604551,4.77531993005487,13.7202134922008
2.08461951412168,5.21019796901629,14.5896349662759
2.31232355269522,4.57508205285812,13.7748112111067
2.10185251574138,4.54898613704705,13.3016773055769
1.71991974927607,5.74657335203301,14.9329862026182
2.64596231476397,5.8048132890364,16.9015512076007
2.40145696835787,4.24772630101888,13.2983665387535
1.97479620916418,4.92913260995373,13.8078576382358
1.53871210873713,5.11436134211642,13.3061469017071
2.04414445525671,4.78869692878959,13.6656827680926
1.92631599148831,5.16689587193416,14.1864237268449
2.14108781581283,5.48396549658019,15.250106624786
1.87707608423584,5.36833184545379,14.4908158593793
1.98914716846733,4.5963532575435,13.1710008520217
1.9340600030833,5.24348348596969,14.355086978106
2.14135959602367,5.47997674661041,15.2426726852682
2.0194718088423,4.71203568472834,13.4630149871413
2.5076950313096,4.57301575034373,14.1614215633067
2.25383842295643,5.79642615732523,16.1005291605633
1.69128362169937,4.99063274740248,13.3638327382037
1.89788545355919,5.69240627493556,15.1805834569895
2.54269979319801,4.98258576218528,15.0505711107666
1.8219051625637,4.47537596577811,12.5945622566836
2.08499033645685,4.62032899644527,13.4106386658042
2.40982807437609,4.71945659373143,14.2585693362151
